id,ime,prezime,email,lozinka,adresa,grad,drzava,telefon
1,Niko,Bačak,stana65@example.com,&*8GbkSqU81k,Jabukovac 6,Križevci,Hrvatska,044 577 158
2,Janko,Bučar,djurdjica63@example.org,aG#rK3Mw%n%2,Radnički dol 1b/8,Oroslavje,Hrvatska,0800 31 02
3,Aldo,Trnski,dejan06@example.com,ZN%e6VTcz)Fy,Mašekova 1b/7,Pula,Hrvatska,074 013 362
4,Darko,Krznarić,berakovicmateo@example.org,Hk8+XnKb%H+T,Draškovićeva 9b,Grubišno Polje,Hrvatska,095 5441 373
5,Slavica,Mikulčić,matea16@example.com,p6)WDpNc+aD8,Ksaver 7b/3,Makarska,Hrvatska,072 985 509
6,Zora,Baričević,barbara01@example.com,A!0FKDIb&o*@,Visoka 6,Cres,Hrvatska,072 874 755
7,Joso,Krpan,alen41@example.org,s6%LQHX1^QvK,Zamenhofove 1a/1,Opuzen,Hrvatska,074 465 529
8,Renata,Čuček,josipa54@example.com,f6q(Q(Xt@&s7,Vončinina 7b/7,Opatija,Hrvatska,023 802 896
9,Martina,Karamarko,iterzic@example.net,BXVBeYgi%1Kj,Radnički dol 4b,Krapina,Hrvatska,040 277 285
10,Suzana,Prelec,bruno88@example.com,gi8xPnuyF*Tl,Vinogradska 5b/0,Zlatar,Hrvatska,047 115 363
11,Lea,Šarlija,fucekpetra@example.org,!NO6OjHFw$uw,Šestinski vijenac 8c,Đurđevac,Hrvatska,049 618 335
12,Lea,Šoštarić,dmirosavljevic@example.net,D+9B6)ld(@*Y,Paunovac 6a/3,Pleternica,Hrvatska,048 816 803
13,Ema,Erceg,gordanahranic@example.com,DI1#sxUnnZLQ,Ksaver 2b,Popovača,Hrvatska,0800 57 09
14,Jure,Kralj,severduje@example.com,1i14WCFur)PS,Rokova 0b,Otok,Hrvatska,031 546 180
15,Dora,Žabjačan,edzapo@example.com,(org%T%xp8$L,Golubovac 3,Komiža,Hrvatska,053 869 590
16,Romano,Borak,nmaricevic@example.org,^0dI9K662vOv,Ribnjak 609,Opatija,Hrvatska,044 764 299
17,Lara,Tuksar,antun12@example.org,0!B(Sm+hGf1r,Mala 80,Knin,Hrvatska,022 337 788
18,Marko,Jurić,qbasic@example.net,^FJUXPwjq1t^,Jezuitski trg 85,Ogulin,Hrvatska,031 744 599
19,Sara,Britvec,milan24@example.net,pP8DlOdK!qJv,Novi Goljak 4a/4,Krapina,Hrvatska,051 372 942
20,Pero,Hardi,natasa04@example.com,^2CAkSeG6nnP,Grič 28,Labin,Hrvatska,033 399 940
21,Zorka,Lazar,tomislavsokac@example.org,%VIZPHdj86k8,Medveščak 2b,Trilj,Hrvatska,022 725 183
22,Janja,Bingula,mmartinic@example.com,K05ntlbf%!Is,Mašekova 9,Kastav,Hrvatska,042 256 747
23,Danica,Lukša,esurbek@example.org,(kCgOumy9rcH,Slavujevac 294,Donja Stubica,Hrvatska,047 143 366
24,Jozo,Cvitan,sinisamatko@example.net,@5BEkxNm+mQT,Gradec 353,Bjelovar,Hrvatska,040 140 794
25,Igor,Dobrić,ygrgurevic@example.org,+_!+I$!lKyH2,Klenovac 9c,Rijeka,Hrvatska,092 8834 536
26,Nada,Andrijašević,viktor91@example.com,a7MZT#*zu)2S,Kozarčev vijenac 3c/5,Otočac,Hrvatska,020 650 331
27,Ivan,Legović,leskovicmara@example.org,_4)w(%S+0eAA,Bijenička 8b,Ozalj,Hrvatska,01 5298 814
28,Lana,Stančin,stefovicmara@example.net,!9%bLIu_D0Zy,Jurjevska 53,Rovinj,Hrvatska,049 834 763
29,Dražen,Kukučka,pedisicluka@example.org,M#17PeiL%7g1,Nova Ves 7,Skradin,Hrvatska,049 981 137
30,Hana,Begonja,opeharda@example.net,y(atyLrS&%3Q,Perivoj srpanjskih žrtava 297,Vrbovec,Hrvatska,074 554 558
31,Jozo,Marin,gmatijevic@example.org,#4$N)TiRFI0J,Krležin gvozd 2c,Vrbovsko,Hrvatska,060 868 147
32,Joso,Bušljeta,elvis78@example.net,iHrIxaBp&+7%,Ribnjak 841,Đakovo,Hrvatska,047 319 128
33,Toni,Bunčić,gbarbieri@example.org,_4lb+cIwV&*5,Palmotićeva 6,Prelog,Hrvatska,097 9650 295
34,Sara,Horak,fuma01@example.org,Nw7TtlMsb_Wy,Rokova 4a/2,Belišće,Hrvatska,098 6055 873
35,Rudolf,Harapin,vera26@example.org,*CEM+2wyW2%K,Horvatovac 1b/9,Sveta Nedelja,Hrvatska,053 526 634
36,Snježana,Smolić,ekarlovic@example.com,&1IO^NAJaPER,Vijenac 31,Ludbreg,Hrvatska,097 5104 956
37,Željko,Radelić,grgureviclovro@example.org,#4Bzyr!yO&&X,Hercegovačka 703,Komiža,Hrvatska,020 867 568
38,Leon,Šošić,marticelvis@example.org,%ahP3Hy$UHUm,Orlovac 1,Karlovac,Hrvatska,042 752 147
39,Matea,Stipanović,darojkovicjoso@example.net,!jsIajdVW1YX,Palmotićeva 630,Vrgorac,Hrvatska,040 707 096
40,Vladimir,Vugdelija,pero11@example.org,$W_ExIucId2K,Voćarsko naselje 7,Vrbovsko,Hrvatska,033 548 608
41,Petra,Čop,stjepanmiklecic@example.net,9a#y&JWhn^j3,Lobmayerove 6,Beli Manastir,Hrvatska,044 307 639
42,Laura,Mamula,zrojnic@example.net,P!Rl2Ptk*8RH,Ksaverska 6a/4,Osijek,Hrvatska,020 193 981
43,Danijela,Matijević,sakacvlado@example.com,P@1Ff8n6ow7N,Voćarska 74,Obrovac,Hrvatska,092 9892 994
44,Anica,Vozila,jdamijanic@example.net,^cH0QwBtp52n,Zamenhofova 9b,Vrgorac,Hrvatska,047 243 333
45,Jele,Peterlik,tzunec@example.org,m@#($bpIg4bB,Naumovac 5a,Supetar,Hrvatska,047 021 379
46,Tomislav,Matas,eturk@example.com,w0D&ah!r*2kU,Goljak 2c,Prelog,Hrvatska,049 529 044
47,Jasminka,Lukinić,marijanovicbara@example.org,SSuEgYtxaz)1,Zamenhofove 8a/2,Grubišno Polje,Hrvatska,091 1652 617
48,Alen,Cafuk,leon47@example.net,f7O2f+J*^10T,Klanac Grgura Tepečića 5a/1,Buzet,Hrvatska,033 464 660
49,Željko,Abramović,simunicbozo@example.com,r)2uK8_cGL&f,Male 0a,Novi Vinodolski,Hrvatska,095 8146 822
50,Toni,Čizmić,zbicak@example.net,tR1LVClr1@cV,Mesnička 431,Buje,Hrvatska,091 6395 357
51,Jure,Šimunović,orlicanica@example.com,EBgDIwo+M$1f,Kamaufova 6b,Benkovac,Hrvatska,042 620 605
52,Marko,Kelić,andjelaozimec@example.net,gglO3!Pa+j&k,Palmotićeva 9a/5,Novi Marof,Hrvatska,049 018 322
53,Tomo,Marić,antonija84@example.com,WbD&kPd&QI7Y,Mala 4b/3,Nova Gradiška,Hrvatska,023 618 100
54,Jana,Petričević,cvenicalen@example.com,5km1KeZg_BOr,Vijenac 2,Vinkovci,Hrvatska,047 624 679
55,Jasminka,Bolčević,jana32@example.org,1@SD1C5hU14%,Zmajevac 4b/9,Belišće,Hrvatska,052 349 888
56,Ivanka,Pokos,natasa35@example.com,X!mU8XEfpI9S,Arnoldova 4a,Zaprešić,Hrvatska,031 608 224
57,Terezija,Čižmešija,tbarkovic@example.net,!XmI8aPz@RBk,Ksaver 8b/6,Zadar,Hrvatska,053 629 061
58,Mile,Barišić,vladimirorsos@example.com,Pe10P6wvk5%(,Kraljevečki ogranak 0a/1,Dugo Selo,Hrvatska,048 200 996
59,Vjekoslav,Božanić,karlabogdan@example.org,7eL#5%Pl+w6R,Ksaver 5c,Skradin,Hrvatska,049 166 105
60,Božo,Bošnjaković,matejabarbir@example.org,X(Y5Gh$r3xwS,Ksaverska 6b,Umag,Hrvatska,051 419 142
61,Dragica,Šarić,stefica88@example.org,4H9+m5eiP@t+,Vlaška 1b,Kraljevica,Hrvatska,095 7255 143
62,Martina,Jaković,predovanivan@example.com,jG^yhYiWk9N4,Svibovac 6,Ivanić-Grad,Hrvatska,023 339 718
63,Jasminka,Marasović,jbozanovic@example.org,utPkfrzFn8S),Istarska 80,Labin,Hrvatska,074 841 529
64,Vedran,Merkaš,franjo25@example.net,a6yl32Vw%74%,Kraljevečki ogranak 3a,Slunj,Hrvatska,098 0379 621
65,Mijo,Ljubičić,jakusana@example.com,dj$)7V5wC+oR,Voćarska 8b,Vrbovsko,Hrvatska,074 104 943
66,Bara,Lisica,zagarmato@example.net,U^SUUoTfED*3,Podgaj 5b,Sveta Nedelja,Hrvatska,040 849 426
67,Zlatko,Knezović,nikolabencic@example.com,^T7YHSsY9gu1,Lisinskoga 221,Otočac,Hrvatska,098 6276 655
68,Milena,Zrinski,damirgracin@example.com,^5BI$Orq%3aX,Tuškanac 901,Valpovo,Hrvatska,099 1396 931
69,David,Glavan,ttrgovcic@example.com,y_5y3OxDinr+,Višnjica 1,Pula,Hrvatska,049 939 519
70,Zvonko,Miletić,czabjacan@example.org,U$$8A7tLhMRn,Ribnjak 6a,Čakovec,Hrvatska,043 634 389
71,Vera,Jureško,jelenasurina@example.net,+I3Z_qq83N8v,Naumovac 46,Mursko Središće,Hrvatska,092 1431 335
72,Saša,Mihelčić,branka58@example.org,(c2PWLs+S&2b,Tkalčićeva 1c/3,Novi Marof,Hrvatska,092 1905 599
73,Anica,Bojanić,galesicnenad@example.com,44JP6ZaF#PEf,Jagodnjak 7b/2,Čakovec,Hrvatska,042 307 031
74,Mate,Madunić,branko19@example.net,ZJ_S^MRk@QN4,Dvoranski prečac 129,Pag,Hrvatska,052 655 041
75,Lovro,Vučković,evuckovic@example.org,h1IfsyPA*t19,Nova Ves 4,Velika Gorica,Hrvatska,047 191 454
76,Jana,Komar,kopjarmara@example.com,1kJ181WvH@z%,Kozarčev vijenac 8c/3,Daruvar,Hrvatska,095 6152 358
77,Davor,Božić,mirkohrastinski@example.net,+6SZPtYD16Vv,Vrazovo šetalište 0b/2,Našice,Hrvatska,072 732 068
78,Lana,Bučanac,zilijic@example.com,a!05Dksni%oJ,Opatička 4b/1,Varaždinske Toplice,Hrvatska,033 538 934
79,Damir,Čizmić,matejpetrovic@example.net,@7%*CRum&1t*,Hercegovačka 4a/2,Omiš,Hrvatska,035 366 901
80,Marko,Šeparović,matosevicjosipa@example.net,^aR2#NSbzOoI,Goljak 4a,Pleternica,Hrvatska,042 344 484
81,Martin,Čudić,rgalic@example.net,!Ge2IbPjVk3z,Streljačka 8,Zaprešić,Hrvatska,072 641 825
82,Sanja,Simić,lovrosever@example.com,18+SIuBp!jAs,Medvedgradska 3a/1,Zagreb,Hrvatska,035 659 411
83,Jadranka,Cvetnić,bozica77@example.org,T02HV+gd+x!W,Dolac 2b,Kutjevo,Hrvatska,053 357 147
84,Laura,Stiperski,marinaozimec@example.org,04*7*Ib3E_rA,Kamenita 0c,Dubrovnik,Hrvatska,035 435 041
85,Igor,Pavić,bruno58@example.net,&Eoh!5Ey5LSL,Vrazovo šetalište 4,Osijek,Hrvatska,052 041 804
86,Tomo,Forjan,vuckovicdavor@example.com,#zO2tpjjt8eO,Rikardove 7,Trogir,Hrvatska,099 9167 213
87,Dominik,Vozila,vjekoslavurlic@example.net,k@p4C$9o8MVd,Skalinska 3a,Orahovica,Hrvatska,01 3904 707
88,Dino,Šverko,xstosic@example.org,3cRG2jTapx^&,Skalinska 9c/6,Knin,Hrvatska,043 556 749
89,Vlado,Kuveždić,barbaramarkovic@example.net,*pAEn6gFh8bT,Javorovac 3a/7,Benkovac,Hrvatska,035 312 065
90,Kristijan,Poropat,bmihelcic@example.net,GP94LuZ76%tk,Lobmayerove 1b/7,Nova Gradiška,Hrvatska,01 3139 470
91,Ivica,Brandić,gfucek@example.net,5JIBkljp)E7$,Hercegovačka 6c,Pleternica,Hrvatska,023 295 571
92,Viktor,Maraš,cindricnatasa@example.org,*8J9IPl$F&PR,Šestinski vijenac 4a,Zadar,Hrvatska,060 473 160
93,Božena,Žabjačan,snjezana10@example.com,+0ASbhrWo2Tv,Visoka 1,Opatija,Hrvatska,060 525 688
94,Toni,Šipek,vesnadebelic@example.net,%d6QVMIoq6^p,Mirogojska 1a/5,Čazma,Hrvatska,048 198 805
95,Josipa,Bogdan,milasivka@example.net,u#9SzmEzXWfm,Davor 7b,Korčula,Hrvatska,0800 94 69
96,Hrvoje,Leščić,vrbanivana@example.org,E6eY3GMlBM#P,Mala 2a,Vrgorac,Hrvatska,092 7637 017
97,Goran,Tonc,mirjana20@example.net,5dtOoWyr%%y%,Kraljevec 2a/4,Varaždinske Toplice,Hrvatska,092 7258 391
98,Nevenka,Božanović,mileklarin@example.org,uJ7*@Hvt1YW1,Cmrok 0b,Vodnjan,Hrvatska,022 245 772
99,Tomo,Čotić,bslavica@example.org,yn%Xu$wud6v!,Kraljevec II. 1b,Cres,Hrvatska,034 315 776
100,Mia,Rašeta,mijomilovac@example.com,BN2u1csw&DhS,Dvoranski prečac 3a,Umag,Hrvatska,060 740 678
101,Iva,Jovanovac,rokobrlek@example.com,ph7X8VfvQzf%,Rokova 8c,Umag,Hrvatska,091 1902 260
102,Jasminka,Pandurić,mbicanic@example.org,*$3%5aJhYM#%,Ilica 8b,Nova Gradiška,Hrvatska,074 233 977
103,Tea,Mužić,cudicpetra@example.com,+2YEoXY$@J1c,Visoka 33,Beli Manastir,Hrvatska,099 6744 929
104,Branko,Bojanić,jurajvrabelj@example.com,(8+rT0+l4Q@E,Tuškanac 6a,Rab,Hrvatska,060 487 729
105,Siniša,Modrić,sturlanvalentina@example.net,Hrhe0X^yzc_8,Podgaj 1b/9,Mali Lošinj,Hrvatska,020 540 321
106,Filip,Josipović,gkramaric@example.org,y@wHOtB(49N4,Kamaufova 6c/7,Imotski,Hrvatska,040 907 795
107,Nenad,Vela,dragan68@example.com,T!zq3JMh)$8F,Srebrnjak 0,Kaštela,Hrvatska,043 088 635
108,Jasna,Zeba,barbaracucek@example.org,L!HW4vSiGWxG,Jurjeve 6a/8,Beli Manastir,Hrvatska,044 802 136
109,Martin,Marjanović,denis27@example.net,16(j1WkY*EYo,Kamaufova 82,Buje,Hrvatska,022 627 151
110,Julijana,Batrac,vukusicdalibor@example.net,@#hv+KTd$L74,Glogovac 4a,Orahovica,Hrvatska,049 279 239
111,Jasna,Orbanić,kvozila@example.com,)JgslLUKC2Gc,Hercegovačka 2b/7,Pleternica,Hrvatska,01 4139 357
112,Dalibor,Miočić,gligoraigor@example.com,XVg7C5KoGu(X,Kožarska 1c/0,Čakovec,Hrvatska,049 666 782
113,Marko,Viljevac,fpamic@example.org,mzfFTifl)3Ge,Jurjevska 4,Belišće,Hrvatska,052 079 721
114,Mira,Hadžić,yjugovac@example.net,a^D8lWm_lrYc,Gornje Prekrižje 42,Mursko Središće,Hrvatska,049 308 517
115,Željka,Crevar,mskrnicki@example.org,^Dh#l!8Am4UQ,Bakačeva 0c/7,Dubrovnik,Hrvatska,033 852 192
116,Juraj,Jakupić,miaspoljaric@example.com,Y7_kZshpOpW2,Šestinski vijenac 0a,Biograd na Moru,Hrvatska,040 213 224
117,Nenad,Sabol,fmihalic@example.net,2(x%Q3Rcug9B,Slavujevac 9c/8,Novi Marof,Hrvatska,092 3680 765
118,Janja,Ušić,katabalincic@example.com,v&$&@8henOs1,Svibovac 0c,Popovača,Hrvatska,021 947 216
119,Ružica,Škrlin,psipic@example.org,usV2FJi@^9G&,Rockefellerova 0b,Mali Lošinj,Hrvatska,044 286 577
120,Ilija,Bogdan,dominik95@example.org,c(ysGoxbGg5$,Visoka 7b/9,Sinj,Hrvatska,033 987 287
121,Mateo,Trgovčić,juraj42@example.com,#8&A1c(e#koY,Davor 424,Velika Gorica,Hrvatska,047 144 894
122,Pavao,Ladavac,stipanovicbozica@example.net,y$z%oYa@Y6Oy,Nova Ves 046,Čabar,Hrvatska,032 727 907
123,Nina,Jurčić,bozo29@example.net,(2HHq9W5fsNh,Paunovac 7a/7,Obrovac,Hrvatska,048 877 697
124,Katarina,Veić,fpokos@example.com,(M5kHTfty(nq,Ksaver 6a/9,Solin,Hrvatska,049 593 984
125,Branko,Vranić,nikapercic@example.net,^CP1FivN)^mL,Demetrova 1c,Novalja,Hrvatska,032 589 345
126,Milica,Kokorić,ankasolomun@example.net,^6plH&CfXai(,Zmajevac 355,Beli Manastir,Hrvatska,095 0427 131
127,Saša,Smolić,rajcicdario@example.net,3_88x0Fdw@w*,Rokova 6a/9,Vukovar,Hrvatska,032 816 792
128,Ane,Ribarić,slavicabicanic@example.net,4pOgYtb%%0^J,Jezuitski trg 8,Novi Marof,Hrvatska,034 049 744
129,Erik,Hršak,ante55@example.org,!8YMYj1A$5d&,Bučarova 3b,Trilj,Hrvatska,099 7914 717
130,Mijo,Peroš,jseparovic@example.com,5+DP78t_$h_n,Klesarski put 8,Ludbreg,Hrvatska,033 584 759
131,Milka,Krpan,ncafuk@example.net,87&yWoec(rxI,Pantovčak 764,Šibenik,Hrvatska,035 561 117
132,Matija,Palić,matogulan@example.org,wb)lcFaHv^5l,Golubovac 3b/9,Orahovica,Hrvatska,074 358 716
133,Rudolf,Vidas,barbirmarin@example.net,&0+^Zvcg0A_R,Jagodnjak 3,Korčula,Hrvatska,034 649 314
134,Janko,Dautović,skukucka@example.com,(+9g@CQ+$8xE,Krvavi most 0a,Slatina,Hrvatska,099 5358 844
135,Lara,Šinković,gjovic@example.com,!YzPtLqtz5B9,Mirogojska 1c/4,Novska,Hrvatska,031 714 356
136,Mladen,Žeželić,bebicane@example.net,6t3#jBV)_&*D,Višnjičke 1c/6,Sinj,Hrvatska,098 0603 158
137,Vlado,Kresonja,nenadcudic@example.net,F3TticzT#VDr,Rokov perivoj 2b/2,Lipik,Hrvatska,034 374 920
138,Iva,Pikec,snjezanabursic@example.com,bh&cUukH)%6a,Naumovac 4b/0,Cres,Hrvatska,099 8117 870
139,Janko,Špoljarić,andja75@example.com,Ggl8ZvHv^Kdq,Ružičnjak 4a/4,Delnice,Hrvatska,052 524 827
140,Roko,Kinkela,ivicamikulcic@example.org,@$N7(G!AnapU,Kurelčeva 9c,Opatija,Hrvatska,022 595 731
141,Stjepan,Forjan,jakovstipanovic@example.net,^wbYSvmL^6pK,Kozarčev vijenac 26,Hvar,Hrvatska,033 346 021
142,Ivanka,Ričko,skrzelj@example.com,zjUZMGluB)4y,Demetrova 6c,Požega,Hrvatska,031 845 528
143,Tea,Hrastinski,elizabetavitasovic@example.com,%cVX0YckrX#&,Bučarova 0b,Ivanec,Hrvatska,020 304 073
144,Andrija,Vincetić,zlatkobaricevic@example.org,WKvLgtWF*@0J,Palmotićeva 8,Split,Hrvatska,099 9399 292
145,Anita,Balatinac,davor32@example.net,OX2VRArRw_Vl,Krvavi most 27,Senj,Hrvatska,021 053 271
146,Gordana,Licul,gzabjacan@example.com,%z+U49Ua7gOW,Jurjevska 9b/8,Križevci,Hrvatska,01 8095 297
147,Mile,Balinčić,zora77@example.net,L)ULTiv4$0Z&,Svibovac 4a/5,Beli Manastir,Hrvatska,023 514 292
148,Andrija,Franušić,lorena89@example.org,qhSYo^z#_12q,Svibovac 4a,Zadar,Hrvatska,092 7595 202
149,Davor,Šalić,mate63@example.com,#(g+HojS3MaV,Vinogradska 93,Nin,Hrvatska,043 903 952
150,Kate,Baljak,anegalic@example.net,(1wWOj7vAq1B,Goljačke 7a,Ploče,Hrvatska,023 368 414
