id,putanja,naziv,opis
1,images/slika_proizvod_1_img1_id1.jpg,Slika 1 za proizvod 1 (ID slike: 1),"Automatski generirani opis za sliku 1, slika broj 1 proizvoda 1"
2,images/slika_proizvod_1_img2_id2.jpg,Slika 2 za proizvod 1 (ID slike: 2),"Automatski generirani opis za sliku 2, slika broj 2 proizvoda 1"
3,images/slika_proizvod_2_img1_id3.jpg,Slika 1 za proizvod 2 (ID slike: 3),"Automatski generirani opis za sliku 3, slika broj 1 proizvoda 2"
4,images/slika_proizvod_3_img1_id4.jpg,Slika 1 za proizvod 3 (ID slike: 4),"Automatski generirani opis za sliku 4, slika broj 1 proizvoda 3"
5,images/slika_proizvod_4_img1_id5.jpg,Slika 1 za proizvod 4 (ID slike: 5),"Automatski generirani opis za sliku 5, slika broj 1 proizvoda 4"
6,images/slika_proizvod_5_img1_id6.jpg,Slika 1 za proizvod 5 (ID slike: 6),"Automatski generirani opis za sliku 6, slika broj 1 proizvoda 5"
7,images/slika_proizvod_6_img1_id7.jpg,Slika 1 za proizvod 6 (ID slike: 7),"Automatski generirani opis za sliku 7, slika broj 1 proizvoda 6"
8,images/slika_proizvod_6_img2_id8.jpg,Slika 2 za proizvod 6 (ID slike: 8),"Automatski generirani opis za sliku 8, slika broj 2 proizvoda 6"
9,images/slika_proizvod_7_img1_id9.jpg,Slika 1 za proizvod 7 (ID slike: 9),"Automatski generirani opis za sliku 9, slika broj 1 proizvoda 7"
10,images/slika_proizvod_7_img2_id10.jpg,Slika 2 za proizvod 7 (ID slike: 10),"Automatski generirani opis za sliku 10, slika broj 2 proizvoda 7"
11,images/slika_proizvod_8_img1_id11.jpg,Slika 1 za proizvod 8 (ID slike: 11),"Automatski generirani opis za sliku 11, slika broj 1 proizvoda 8"
12,images/slika_proizvod_9_img1_id12.jpg,Slika 1 za proizvod 9 (ID slike: 12),"Automatski generirani opis za sliku 12, slika broj 1 proizvoda 9"
13,images/slika_proizvod_9_img2_id13.jpg,Slika 2 za proizvod 9 (ID slike: 13),"Automatski generirani opis za sliku 13, slika broj 2 proizvoda 9"
14,images/slika_proizvod_9_img3_id14.jpg,Slika 3 za proizvod 9 (ID slike: 14),"Automatski generirani opis za sliku 14, slika broj 3 proizvoda 9"
15,images/slika_proizvod_10_img1_id15.jpg,Slika 1 za proizvod 10 (ID slike: 15),"Automatski generirani opis za sliku 15, slika broj 1 proizvoda 10"
16,images/slika_proizvod_10_img2_id16.jpg,Slika 2 za proizvod 10 (ID slike: 16),"Automatski generirani opis za sliku 16, slika broj 2 proizvoda 10"
17,images/slika_proizvod_11_img1_id17.jpg,Slika 1 za proizvod 11 (ID slike: 17),"Automatski generirani opis za sliku 17, slika broj 1 proizvoda 11"
18,images/slika_proizvod_11_img2_id18.jpg,Slika 2 za proizvod 11 (ID slike: 18),"Automatski generirani opis za sliku 18, slika broj 2 proizvoda 11"
19,images/slika_proizvod_11_img3_id19.jpg,Slika 3 za proizvod 11 (ID slike: 19),"Automatski generirani opis za sliku 19, slika broj 3 proizvoda 11"
20,images/slika_proizvod_12_img1_id20.jpg,Slika 1 za proizvod 12 (ID slike: 20),"Automatski generirani opis za sliku 20, slika broj 1 proizvoda 12"
21,images/slika_proizvod_13_img1_id21.jpg,Slika 1 za proizvod 13 (ID slike: 21),"Automatski generirani opis za sliku 21, slika broj 1 proizvoda 13"
22,images/slika_proizvod_14_img1_id22.jpg,Slika 1 za proizvod 14 (ID slike: 22),"Automatski generirani opis za sliku 22, slika broj 1 proizvoda 14"
23,images/slika_proizvod_15_img1_id23.jpg,Slika 1 za proizvod 15 (ID slike: 23),"Automatski generirani opis za sliku 23, slika broj 1 proizvoda 15"
24,images/slika_proizvod_15_img2_id24.jpg,Slika 2 za proizvod 15 (ID slike: 24),"Automatski generirani opis za sliku 24, slika broj 2 proizvoda 15"
25,images/slika_proizvod_15_img3_id25.jpg,Slika 3 za proizvod 15 (ID slike: 25),"Automatski generirani opis za sliku 25, slika broj 3 proizvoda 15"
26,images/slika_proizvod_16_img1_id26.jpg,Slika 1 za proizvod 16 (ID slike: 26),"Automatski generirani opis za sliku 26, slika broj 1 proizvoda 16"
27,images/slika_proizvod_17_img1_id27.jpg,Slika 1 za proizvod 17 (ID slike: 27),"Automatski generirani opis za sliku 27, slika broj 1 proizvoda 17"
28,images/slika_proizvod_17_img2_id28.jpg,Slika 2 za proizvod 17 (ID slike: 28),"Automatski generirani opis za sliku 28, slika broj 2 proizvoda 17"
29,images/slika_proizvod_17_img3_id29.jpg,Slika 3 za proizvod 17 (ID slike: 29),"Automatski generirani opis za sliku 29, slika broj 3 proizvoda 17"
30,images/slika_proizvod_18_img1_id30.jpg,Slika 1 za proizvod 18 (ID slike: 30),"Automatski generirani opis za sliku 30, slika broj 1 proizvoda 18"
31,images/slika_proizvod_18_img2_id31.jpg,Slika 2 za proizvod 18 (ID slike: 31),"Automatski generirani opis za sliku 31, slika broj 2 proizvoda 18"
32,images/slika_proizvod_19_img1_id32.jpg,Slika 1 za proizvod 19 (ID slike: 32),"Automatski generirani opis za sliku 32, slika broj 1 proizvoda 19"
33,images/slika_proizvod_19_img2_id33.jpg,Slika 2 za proizvod 19 (ID slike: 33),"Automatski generirani opis za sliku 33, slika broj 2 proizvoda 19"
34,images/slika_proizvod_19_img3_id34.jpg,Slika 3 za proizvod 19 (ID slike: 34),"Automatski generirani opis za sliku 34, slika broj 3 proizvoda 19"
35,images/slika_proizvod_20_img1_id35.jpg,Slika 1 za proizvod 20 (ID slike: 35),"Automatski generirani opis za sliku 35, slika broj 1 proizvoda 20"
36,images/slika_proizvod_20_img2_id36.jpg,Slika 2 za proizvod 20 (ID slike: 36),"Automatski generirani opis za sliku 36, slika broj 2 proizvoda 20"
37,images/slika_proizvod_20_img3_id37.jpg,Slika 3 za proizvod 20 (ID slike: 37),"Automatski generirani opis za sliku 37, slika broj 3 proizvoda 20"
38,images/slika_proizvod_21_img1_id38.jpg,Slika 1 za proizvod 21 (ID slike: 38),"Automatski generirani opis za sliku 38, slika broj 1 proizvoda 21"
39,images/slika_proizvod_21_img2_id39.jpg,Slika 2 za proizvod 21 (ID slike: 39),"Automatski generirani opis za sliku 39, slika broj 2 proizvoda 21"
40,images/slika_proizvod_22_img1_id40.jpg,Slika 1 za proizvod 22 (ID slike: 40),"Automatski generirani opis za sliku 40, slika broj 1 proizvoda 22"
41,images/slika_proizvod_22_img2_id41.jpg,Slika 2 za proizvod 22 (ID slike: 41),"Automatski generirani opis za sliku 41, slika broj 2 proizvoda 22"
42,images/slika_proizvod_22_img3_id42.jpg,Slika 3 za proizvod 22 (ID slike: 42),"Automatski generirani opis za sliku 42, slika broj 3 proizvoda 22"
43,images/slika_proizvod_23_img1_id43.jpg,Slika 1 za proizvod 23 (ID slike: 43),"Automatski generirani opis za sliku 43, slika broj 1 proizvoda 23"
44,images/slika_proizvod_23_img2_id44.jpg,Slika 2 za proizvod 23 (ID slike: 44),"Automatski generirani opis za sliku 44, slika broj 2 proizvoda 23"
45,images/slika_proizvod_24_img1_id45.jpg,Slika 1 za proizvod 24 (ID slike: 45),"Automatski generirani opis za sliku 45, slika broj 1 proizvoda 24"
46,images/slika_proizvod_24_img2_id46.jpg,Slika 2 za proizvod 24 (ID slike: 46),"Automatski generirani opis za sliku 46, slika broj 2 proizvoda 24"
47,images/slika_proizvod_25_img1_id47.jpg,Slika 1 za proizvod 25 (ID slike: 47),"Automatski generirani opis za sliku 47, slika broj 1 proizvoda 25"
48,images/slika_proizvod_25_img2_id48.jpg,Slika 2 za proizvod 25 (ID slike: 48),"Automatski generirani opis za sliku 48, slika broj 2 proizvoda 25"
49,images/slika_proizvod_25_img3_id49.jpg,Slika 3 za proizvod 25 (ID slike: 49),"Automatski generirani opis za sliku 49, slika broj 3 proizvoda 25"
50,images/slika_proizvod_26_img1_id50.jpg,Slika 1 za proizvod 26 (ID slike: 50),"Automatski generirani opis za sliku 50, slika broj 1 proizvoda 26"
51,images/slika_proizvod_26_img2_id51.jpg,Slika 2 za proizvod 26 (ID slike: 51),"Automatski generirani opis za sliku 51, slika broj 2 proizvoda 26"
52,images/slika_proizvod_26_img3_id52.jpg,Slika 3 za proizvod 26 (ID slike: 52),"Automatski generirani opis za sliku 52, slika broj 3 proizvoda 26"
53,images/slika_proizvod_27_img1_id53.jpg,Slika 1 za proizvod 27 (ID slike: 53),"Automatski generirani opis za sliku 53, slika broj 1 proizvoda 27"
54,images/slika_proizvod_27_img2_id54.jpg,Slika 2 za proizvod 27 (ID slike: 54),"Automatski generirani opis za sliku 54, slika broj 2 proizvoda 27"
55,images/slika_proizvod_28_img1_id55.jpg,Slika 1 za proizvod 28 (ID slike: 55),"Automatski generirani opis za sliku 55, slika broj 1 proizvoda 28"
56,images/slika_proizvod_29_img1_id56.jpg,Slika 1 za proizvod 29 (ID slike: 56),"Automatski generirani opis za sliku 56, slika broj 1 proizvoda 29"
57,images/slika_proizvod_29_img2_id57.jpg,Slika 2 za proizvod 29 (ID slike: 57),"Automatski generirani opis za sliku 57, slika broj 2 proizvoda 29"
58,images/slika_proizvod_29_img3_id58.jpg,Slika 3 za proizvod 29 (ID slike: 58),"Automatski generirani opis za sliku 58, slika broj 3 proizvoda 29"
59,images/slika_proizvod_30_img1_id59.jpg,Slika 1 za proizvod 30 (ID slike: 59),"Automatski generirani opis za sliku 59, slika broj 1 proizvoda 30"
60,images/slika_proizvod_30_img2_id60.jpg,Slika 2 za proizvod 30 (ID slike: 60),"Automatski generirani opis za sliku 60, slika broj 2 proizvoda 30"
61,images/slika_proizvod_31_img1_id61.jpg,Slika 1 za proizvod 31 (ID slike: 61),"Automatski generirani opis za sliku 61, slika broj 1 proizvoda 31"
62,images/slika_proizvod_31_img2_id62.jpg,Slika 2 za proizvod 31 (ID slike: 62),"Automatski generirani opis za sliku 62, slika broj 2 proizvoda 31"
63,images/slika_proizvod_32_img1_id63.jpg,Slika 1 za proizvod 32 (ID slike: 63),"Automatski generirani opis za sliku 63, slika broj 1 proizvoda 32"
64,images/slika_proizvod_32_img2_id64.jpg,Slika 2 za proizvod 32 (ID slike: 64),"Automatski generirani opis za sliku 64, slika broj 2 proizvoda 32"
65,images/slika_proizvod_33_img1_id65.jpg,Slika 1 za proizvod 33 (ID slike: 65),"Automatski generirani opis za sliku 65, slika broj 1 proizvoda 33"
66,images/slika_proizvod_33_img2_id66.jpg,Slika 2 za proizvod 33 (ID slike: 66),"Automatski generirani opis za sliku 66, slika broj 2 proizvoda 33"
67,images/slika_proizvod_33_img3_id67.jpg,Slika 3 za proizvod 33 (ID slike: 67),"Automatski generirani opis za sliku 67, slika broj 3 proizvoda 33"
68,images/slika_proizvod_34_img1_id68.jpg,Slika 1 za proizvod 34 (ID slike: 68),"Automatski generirani opis za sliku 68, slika broj 1 proizvoda 34"
69,images/slika_proizvod_34_img2_id69.jpg,Slika 2 za proizvod 34 (ID slike: 69),"Automatski generirani opis za sliku 69, slika broj 2 proizvoda 34"
70,images/slika_proizvod_35_img1_id70.jpg,Slika 1 za proizvod 35 (ID slike: 70),"Automatski generirani opis za sliku 70, slika broj 1 proizvoda 35"
71,images/slika_proizvod_36_img1_id71.jpg,Slika 1 za proizvod 36 (ID slike: 71),"Automatski generirani opis za sliku 71, slika broj 1 proizvoda 36"
72,images/slika_proizvod_37_img1_id72.jpg,Slika 1 za proizvod 37 (ID slike: 72),"Automatski generirani opis za sliku 72, slika broj 1 proizvoda 37"
73,images/slika_proizvod_37_img2_id73.jpg,Slika 2 za proizvod 37 (ID slike: 73),"Automatski generirani opis za sliku 73, slika broj 2 proizvoda 37"
74,images/slika_proizvod_38_img1_id74.jpg,Slika 1 za proizvod 38 (ID slike: 74),"Automatski generirani opis za sliku 74, slika broj 1 proizvoda 38"
75,images/slika_proizvod_38_img2_id75.jpg,Slika 2 za proizvod 38 (ID slike: 75),"Automatski generirani opis za sliku 75, slika broj 2 proizvoda 38"
76,images/slika_proizvod_38_img3_id76.jpg,Slika 3 za proizvod 38 (ID slike: 76),"Automatski generirani opis za sliku 76, slika broj 3 proizvoda 38"
77,images/slika_proizvod_39_img1_id77.jpg,Slika 1 za proizvod 39 (ID slike: 77),"Automatski generirani opis za sliku 77, slika broj 1 proizvoda 39"
78,images/slika_proizvod_40_img1_id78.jpg,Slika 1 za proizvod 40 (ID slike: 78),"Automatski generirani opis za sliku 78, slika broj 1 proizvoda 40"
79,images/slika_proizvod_40_img2_id79.jpg,Slika 2 za proizvod 40 (ID slike: 79),"Automatski generirani opis za sliku 79, slika broj 2 proizvoda 40"
80,images/slika_proizvod_41_img1_id80.jpg,Slika 1 za proizvod 41 (ID slike: 80),"Automatski generirani opis za sliku 80, slika broj 1 proizvoda 41"
81,images/slika_proizvod_41_img2_id81.jpg,Slika 2 za proizvod 41 (ID slike: 81),"Automatski generirani opis za sliku 81, slika broj 2 proizvoda 41"
82,images/slika_proizvod_42_img1_id82.jpg,Slika 1 za proizvod 42 (ID slike: 82),"Automatski generirani opis za sliku 82, slika broj 1 proizvoda 42"
83,images/slika_proizvod_43_img1_id83.jpg,Slika 1 za proizvod 43 (ID slike: 83),"Automatski generirani opis za sliku 83, slika broj 1 proizvoda 43"
84,images/slika_proizvod_44_img1_id84.jpg,Slika 1 za proizvod 44 (ID slike: 84),"Automatski generirani opis za sliku 84, slika broj 1 proizvoda 44"
85,images/slika_proizvod_45_img1_id85.jpg,Slika 1 za proizvod 45 (ID slike: 85),"Automatski generirani opis za sliku 85, slika broj 1 proizvoda 45"
86,images/slika_proizvod_45_img2_id86.jpg,Slika 2 za proizvod 45 (ID slike: 86),"Automatski generirani opis za sliku 86, slika broj 2 proizvoda 45"
87,images/slika_proizvod_46_img1_id87.jpg,Slika 1 za proizvod 46 (ID slike: 87),"Automatski generirani opis za sliku 87, slika broj 1 proizvoda 46"
88,images/slika_proizvod_46_img2_id88.jpg,Slika 2 za proizvod 46 (ID slike: 88),"Automatski generirani opis za sliku 88, slika broj 2 proizvoda 46"
89,images/slika_proizvod_46_img3_id89.jpg,Slika 3 za proizvod 46 (ID slike: 89),"Automatski generirani opis za sliku 89, slika broj 3 proizvoda 46"
90,images/slika_proizvod_47_img1_id90.jpg,Slika 1 za proizvod 47 (ID slike: 90),"Automatski generirani opis za sliku 90, slika broj 1 proizvoda 47"
91,images/slika_proizvod_47_img2_id91.jpg,Slika 2 za proizvod 47 (ID slike: 91),"Automatski generirani opis za sliku 91, slika broj 2 proizvoda 47"
92,images/slika_proizvod_48_img1_id92.jpg,Slika 1 za proizvod 48 (ID slike: 92),"Automatski generirani opis za sliku 92, slika broj 1 proizvoda 48"
93,images/slika_proizvod_48_img2_id93.jpg,Slika 2 za proizvod 48 (ID slike: 93),"Automatski generirani opis za sliku 93, slika broj 2 proizvoda 48"
94,images/slika_proizvod_49_img1_id94.jpg,Slika 1 za proizvod 49 (ID slike: 94),"Automatski generirani opis za sliku 94, slika broj 1 proizvoda 49"
95,images/slika_proizvod_49_img2_id95.jpg,Slika 2 za proizvod 49 (ID slike: 95),"Automatski generirani opis za sliku 95, slika broj 2 proizvoda 49"
96,images/slika_proizvod_49_img3_id96.jpg,Slika 3 za proizvod 49 (ID slike: 96),"Automatski generirani opis za sliku 96, slika broj 3 proizvoda 49"
97,images/slika_proizvod_50_img1_id97.jpg,Slika 1 za proizvod 50 (ID slike: 97),"Automatski generirani opis za sliku 97, slika broj 1 proizvoda 50"
98,images/slika_proizvod_50_img2_id98.jpg,Slika 2 za proizvod 50 (ID slike: 98),"Automatski generirani opis za sliku 98, slika broj 2 proizvoda 50"
99,images/slika_proizvod_50_img3_id99.jpg,Slika 3 za proizvod 50 (ID slike: 99),"Automatski generirani opis za sliku 99, slika broj 3 proizvoda 50"
100,images/slika_proizvod_51_img1_id100.jpg,Slika 1 za proizvod 51 (ID slike: 100),"Automatski generirani opis za sliku 100, slika broj 1 proizvoda 51"
101,images/slika_proizvod_51_img2_id101.jpg,Slika 2 za proizvod 51 (ID slike: 101),"Automatski generirani opis za sliku 101, slika broj 2 proizvoda 51"
102,images/slika_proizvod_51_img3_id102.jpg,Slika 3 za proizvod 51 (ID slike: 102),"Automatski generirani opis za sliku 102, slika broj 3 proizvoda 51"
103,images/slika_proizvod_52_img1_id103.jpg,Slika 1 za proizvod 52 (ID slike: 103),"Automatski generirani opis za sliku 103, slika broj 1 proizvoda 52"
104,images/slika_proizvod_52_img2_id104.jpg,Slika 2 za proizvod 52 (ID slike: 104),"Automatski generirani opis za sliku 104, slika broj 2 proizvoda 52"
105,images/slika_proizvod_53_img1_id105.jpg,Slika 1 za proizvod 53 (ID slike: 105),"Automatski generirani opis za sliku 105, slika broj 1 proizvoda 53"
106,images/slika_proizvod_53_img2_id106.jpg,Slika 2 za proizvod 53 (ID slike: 106),"Automatski generirani opis za sliku 106, slika broj 2 proizvoda 53"
107,images/slika_proizvod_54_img1_id107.jpg,Slika 1 za proizvod 54 (ID slike: 107),"Automatski generirani opis za sliku 107, slika broj 1 proizvoda 54"
108,images/slika_proizvod_54_img2_id108.jpg,Slika 2 za proizvod 54 (ID slike: 108),"Automatski generirani opis za sliku 108, slika broj 2 proizvoda 54"
109,images/slika_proizvod_54_img3_id109.jpg,Slika 3 za proizvod 54 (ID slike: 109),"Automatski generirani opis za sliku 109, slika broj 3 proizvoda 54"
110,images/slika_proizvod_55_img1_id110.jpg,Slika 1 za proizvod 55 (ID slike: 110),"Automatski generirani opis za sliku 110, slika broj 1 proizvoda 55"
111,images/slika_proizvod_55_img2_id111.jpg,Slika 2 za proizvod 55 (ID slike: 111),"Automatski generirani opis za sliku 111, slika broj 2 proizvoda 55"
112,images/slika_proizvod_55_img3_id112.jpg,Slika 3 za proizvod 55 (ID slike: 112),"Automatski generirani opis za sliku 112, slika broj 3 proizvoda 55"
113,images/slika_proizvod_56_img1_id113.jpg,Slika 1 za proizvod 56 (ID slike: 113),"Automatski generirani opis za sliku 113, slika broj 1 proizvoda 56"
114,images/slika_proizvod_56_img2_id114.jpg,Slika 2 za proizvod 56 (ID slike: 114),"Automatski generirani opis za sliku 114, slika broj 2 proizvoda 56"
115,images/slika_proizvod_57_img1_id115.jpg,Slika 1 za proizvod 57 (ID slike: 115),"Automatski generirani opis za sliku 115, slika broj 1 proizvoda 57"
116,images/slika_proizvod_58_img1_id116.jpg,Slika 1 za proizvod 58 (ID slike: 116),"Automatski generirani opis za sliku 116, slika broj 1 proizvoda 58"
117,images/slika_proizvod_59_img1_id117.jpg,Slika 1 za proizvod 59 (ID slike: 117),"Automatski generirani opis za sliku 117, slika broj 1 proizvoda 59"
118,images/slika_proizvod_60_img1_id118.jpg,Slika 1 za proizvod 60 (ID slike: 118),"Automatski generirani opis za sliku 118, slika broj 1 proizvoda 60"
119,images/slika_proizvod_60_img2_id119.jpg,Slika 2 za proizvod 60 (ID slike: 119),"Automatski generirani opis za sliku 119, slika broj 2 proizvoda 60"
120,images/slika_proizvod_61_img1_id120.jpg,Slika 1 za proizvod 61 (ID slike: 120),"Automatski generirani opis za sliku 120, slika broj 1 proizvoda 61"
121,images/slika_proizvod_61_img2_id121.jpg,Slika 2 za proizvod 61 (ID slike: 121),"Automatski generirani opis za sliku 121, slika broj 2 proizvoda 61"
122,images/slika_proizvod_62_img1_id122.jpg,Slika 1 za proizvod 62 (ID slike: 122),"Automatski generirani opis za sliku 122, slika broj 1 proizvoda 62"
123,images/slika_proizvod_62_img2_id123.jpg,Slika 2 za proizvod 62 (ID slike: 123),"Automatski generirani opis za sliku 123, slika broj 2 proizvoda 62"
124,images/slika_proizvod_63_img1_id124.jpg,Slika 1 za proizvod 63 (ID slike: 124),"Automatski generirani opis za sliku 124, slika broj 1 proizvoda 63"
125,images/slika_proizvod_63_img2_id125.jpg,Slika 2 za proizvod 63 (ID slike: 125),"Automatski generirani opis za sliku 125, slika broj 2 proizvoda 63"
126,images/slika_proizvod_64_img1_id126.jpg,Slika 1 za proizvod 64 (ID slike: 126),"Automatski generirani opis za sliku 126, slika broj 1 proizvoda 64"
127,images/slika_proizvod_64_img2_id127.jpg,Slika 2 za proizvod 64 (ID slike: 127),"Automatski generirani opis za sliku 127, slika broj 2 proizvoda 64"
128,images/slika_proizvod_65_img1_id128.jpg,Slika 1 za proizvod 65 (ID slike: 128),"Automatski generirani opis za sliku 128, slika broj 1 proizvoda 65"
129,images/slika_proizvod_65_img2_id129.jpg,Slika 2 za proizvod 65 (ID slike: 129),"Automatski generirani opis za sliku 129, slika broj 2 proizvoda 65"
130,images/slika_proizvod_66_img1_id130.jpg,Slika 1 za proizvod 66 (ID slike: 130),"Automatski generirani opis za sliku 130, slika broj 1 proizvoda 66"
131,images/slika_proizvod_66_img2_id131.jpg,Slika 2 za proizvod 66 (ID slike: 131),"Automatski generirani opis za sliku 131, slika broj 2 proizvoda 66"
132,images/slika_proizvod_66_img3_id132.jpg,Slika 3 za proizvod 66 (ID slike: 132),"Automatski generirani opis za sliku 132, slika broj 3 proizvoda 66"
133,images/slika_proizvod_67_img1_id133.jpg,Slika 1 za proizvod 67 (ID slike: 133),"Automatski generirani opis za sliku 133, slika broj 1 proizvoda 67"
134,images/slika_proizvod_68_img1_id134.jpg,Slika 1 za proizvod 68 (ID slike: 134),"Automatski generirani opis za sliku 134, slika broj 1 proizvoda 68"
135,images/slika_proizvod_68_img2_id135.jpg,Slika 2 za proizvod 68 (ID slike: 135),"Automatski generirani opis za sliku 135, slika broj 2 proizvoda 68"
136,images/slika_proizvod_68_img3_id136.jpg,Slika 3 za proizvod 68 (ID slike: 136),"Automatski generirani opis za sliku 136, slika broj 3 proizvoda 68"
137,images/slika_proizvod_69_img1_id137.jpg,Slika 1 za proizvod 69 (ID slike: 137),"Automatski generirani opis za sliku 137, slika broj 1 proizvoda 69"
138,images/slika_proizvod_69_img2_id138.jpg,Slika 2 za proizvod 69 (ID slike: 138),"Automatski generirani opis za sliku 138, slika broj 2 proizvoda 69"
139,images/slika_proizvod_70_img1_id139.jpg,Slika 1 za proizvod 70 (ID slike: 139),"Automatski generirani opis za sliku 139, slika broj 1 proizvoda 70"
140,images/slika_proizvod_70_img2_id140.jpg,Slika 2 za proizvod 70 (ID slike: 140),"Automatski generirani opis za sliku 140, slika broj 2 proizvoda 70"
141,images/slika_proizvod_71_img1_id141.jpg,Slika 1 za proizvod 71 (ID slike: 141),"Automatski generirani opis za sliku 141, slika broj 1 proizvoda 71"
142,images/slika_proizvod_71_img2_id142.jpg,Slika 2 za proizvod 71 (ID slike: 142),"Automatski generirani opis za sliku 142, slika broj 2 proizvoda 71"
143,images/slika_proizvod_72_img1_id143.jpg,Slika 1 za proizvod 72 (ID slike: 143),"Automatski generirani opis za sliku 143, slika broj 1 proizvoda 72"
144,images/slika_proizvod_72_img2_id144.jpg,Slika 2 za proizvod 72 (ID slike: 144),"Automatski generirani opis za sliku 144, slika broj 2 proizvoda 72"
145,images/slika_proizvod_73_img1_id145.jpg,Slika 1 za proizvod 73 (ID slike: 145),"Automatski generirani opis za sliku 145, slika broj 1 proizvoda 73"
146,images/slika_proizvod_73_img2_id146.jpg,Slika 2 za proizvod 73 (ID slike: 146),"Automatski generirani opis za sliku 146, slika broj 2 proizvoda 73"
147,images/slika_proizvod_73_img3_id147.jpg,Slika 3 za proizvod 73 (ID slike: 147),"Automatski generirani opis za sliku 147, slika broj 3 proizvoda 73"
148,images/slika_proizvod_74_img1_id148.jpg,Slika 1 za proizvod 74 (ID slike: 148),"Automatski generirani opis za sliku 148, slika broj 1 proizvoda 74"
149,images/slika_proizvod_75_img1_id149.jpg,Slika 1 za proizvod 75 (ID slike: 149),"Automatski generirani opis za sliku 149, slika broj 1 proizvoda 75"
150,images/slika_proizvod_75_img2_id150.jpg,Slika 2 za proizvod 75 (ID slike: 150),"Automatski generirani opis za sliku 150, slika broj 2 proizvoda 75"
151,images/slika_proizvod_76_img1_id151.jpg,Slika 1 za proizvod 76 (ID slike: 151),"Automatski generirani opis za sliku 151, slika broj 1 proizvoda 76"
152,images/slika_proizvod_76_img2_id152.jpg,Slika 2 za proizvod 76 (ID slike: 152),"Automatski generirani opis za sliku 152, slika broj 2 proizvoda 76"
153,images/slika_proizvod_77_img1_id153.jpg,Slika 1 za proizvod 77 (ID slike: 153),"Automatski generirani opis za sliku 153, slika broj 1 proizvoda 77"
154,images/slika_proizvod_78_img1_id154.jpg,Slika 1 za proizvod 78 (ID slike: 154),"Automatski generirani opis za sliku 154, slika broj 1 proizvoda 78"
155,images/slika_proizvod_78_img2_id155.jpg,Slika 2 za proizvod 78 (ID slike: 155),"Automatski generirani opis za sliku 155, slika broj 2 proizvoda 78"
156,images/slika_proizvod_79_img1_id156.jpg,Slika 1 za proizvod 79 (ID slike: 156),"Automatski generirani opis za sliku 156, slika broj 1 proizvoda 79"
157,images/slika_proizvod_80_img1_id157.jpg,Slika 1 za proizvod 80 (ID slike: 157),"Automatski generirani opis za sliku 157, slika broj 1 proizvoda 80"
158,images/slika_proizvod_81_img1_id158.jpg,Slika 1 za proizvod 81 (ID slike: 158),"Automatski generirani opis za sliku 158, slika broj 1 proizvoda 81"
159,images/slika_proizvod_82_img1_id159.jpg,Slika 1 za proizvod 82 (ID slike: 159),"Automatski generirani opis za sliku 159, slika broj 1 proizvoda 82"
160,images/slika_proizvod_82_img2_id160.jpg,Slika 2 za proizvod 82 (ID slike: 160),"Automatski generirani opis za sliku 160, slika broj 2 proizvoda 82"
161,images/slika_proizvod_83_img1_id161.jpg,Slika 1 za proizvod 83 (ID slike: 161),"Automatski generirani opis za sliku 161, slika broj 1 proizvoda 83"
162,images/slika_proizvod_84_img1_id162.jpg,Slika 1 za proizvod 84 (ID slike: 162),"Automatski generirani opis za sliku 162, slika broj 1 proizvoda 84"
163,images/slika_proizvod_85_img1_id163.jpg,Slika 1 za proizvod 85 (ID slike: 163),"Automatski generirani opis za sliku 163, slika broj 1 proizvoda 85"
164,images/slika_proizvod_85_img2_id164.jpg,Slika 2 za proizvod 85 (ID slike: 164),"Automatski generirani opis za sliku 164, slika broj 2 proizvoda 85"
165,images/slika_proizvod_85_img3_id165.jpg,Slika 3 za proizvod 85 (ID slike: 165),"Automatski generirani opis za sliku 165, slika broj 3 proizvoda 85"
166,images/slika_proizvod_86_img1_id166.jpg,Slika 1 za proizvod 86 (ID slike: 166),"Automatski generirani opis za sliku 166, slika broj 1 proizvoda 86"
167,images/slika_proizvod_86_img2_id167.jpg,Slika 2 za proizvod 86 (ID slike: 167),"Automatski generirani opis za sliku 167, slika broj 2 proizvoda 86"
168,images/slika_proizvod_86_img3_id168.jpg,Slika 3 za proizvod 86 (ID slike: 168),"Automatski generirani opis za sliku 168, slika broj 3 proizvoda 86"
169,images/slika_proizvod_87_img1_id169.jpg,Slika 1 za proizvod 87 (ID slike: 169),"Automatski generirani opis za sliku 169, slika broj 1 proizvoda 87"
170,images/slika_proizvod_87_img2_id170.jpg,Slika 2 za proizvod 87 (ID slike: 170),"Automatski generirani opis za sliku 170, slika broj 2 proizvoda 87"
171,images/slika_proizvod_87_img3_id171.jpg,Slika 3 za proizvod 87 (ID slike: 171),"Automatski generirani opis za sliku 171, slika broj 3 proizvoda 87"
172,images/slika_proizvod_88_img1_id172.jpg,Slika 1 za proizvod 88 (ID slike: 172),"Automatski generirani opis za sliku 172, slika broj 1 proizvoda 88"
173,images/slika_proizvod_88_img2_id173.jpg,Slika 2 za proizvod 88 (ID slike: 173),"Automatski generirani opis za sliku 173, slika broj 2 proizvoda 88"
174,images/slika_proizvod_89_img1_id174.jpg,Slika 1 za proizvod 89 (ID slike: 174),"Automatski generirani opis za sliku 174, slika broj 1 proizvoda 89"
175,images/slika_proizvod_90_img1_id175.jpg,Slika 1 za proizvod 90 (ID slike: 175),"Automatski generirani opis za sliku 175, slika broj 1 proizvoda 90"
176,images/slika_proizvod_90_img2_id176.jpg,Slika 2 za proizvod 90 (ID slike: 176),"Automatski generirani opis za sliku 176, slika broj 2 proizvoda 90"
177,images/slika_proizvod_90_img3_id177.jpg,Slika 3 za proizvod 90 (ID slike: 177),"Automatski generirani opis za sliku 177, slika broj 3 proizvoda 90"
178,images/slika_proizvod_91_img1_id178.jpg,Slika 1 za proizvod 91 (ID slike: 178),"Automatski generirani opis za sliku 178, slika broj 1 proizvoda 91"
179,images/slika_proizvod_91_img2_id179.jpg,Slika 2 za proizvod 91 (ID slike: 179),"Automatski generirani opis za sliku 179, slika broj 2 proizvoda 91"
180,images/slika_proizvod_92_img1_id180.jpg,Slika 1 za proizvod 92 (ID slike: 180),"Automatski generirani opis za sliku 180, slika broj 1 proizvoda 92"
181,images/slika_proizvod_92_img2_id181.jpg,Slika 2 za proizvod 92 (ID slike: 181),"Automatski generirani opis za sliku 181, slika broj 2 proizvoda 92"
182,images/slika_proizvod_92_img3_id182.jpg,Slika 3 za proizvod 92 (ID slike: 182),"Automatski generirani opis za sliku 182, slika broj 3 proizvoda 92"
183,images/slika_proizvod_93_img1_id183.jpg,Slika 1 za proizvod 93 (ID slike: 183),"Automatski generirani opis za sliku 183, slika broj 1 proizvoda 93"
184,images/slika_proizvod_93_img2_id184.jpg,Slika 2 za proizvod 93 (ID slike: 184),"Automatski generirani opis za sliku 184, slika broj 2 proizvoda 93"
185,images/slika_proizvod_94_img1_id185.jpg,Slika 1 za proizvod 94 (ID slike: 185),"Automatski generirani opis za sliku 185, slika broj 1 proizvoda 94"
186,images/slika_proizvod_95_img1_id186.jpg,Slika 1 za proizvod 95 (ID slike: 186),"Automatski generirani opis za sliku 186, slika broj 1 proizvoda 95"
187,images/slika_proizvod_96_img1_id187.jpg,Slika 1 za proizvod 96 (ID slike: 187),"Automatski generirani opis za sliku 187, slika broj 1 proizvoda 96"
188,images/slika_proizvod_96_img2_id188.jpg,Slika 2 za proizvod 96 (ID slike: 188),"Automatski generirani opis za sliku 188, slika broj 2 proizvoda 96"
189,images/slika_proizvod_97_img1_id189.jpg,Slika 1 za proizvod 97 (ID slike: 189),"Automatski generirani opis za sliku 189, slika broj 1 proizvoda 97"
190,images/slika_proizvod_97_img2_id190.jpg,Slika 2 za proizvod 97 (ID slike: 190),"Automatski generirani opis za sliku 190, slika broj 2 proizvoda 97"
191,images/slika_proizvod_97_img3_id191.jpg,Slika 3 za proizvod 97 (ID slike: 191),"Automatski generirani opis za sliku 191, slika broj 3 proizvoda 97"
192,images/slika_proizvod_98_img1_id192.jpg,Slika 1 za proizvod 98 (ID slike: 192),"Automatski generirani opis za sliku 192, slika broj 1 proizvoda 98"
193,images/slika_proizvod_98_img2_id193.jpg,Slika 2 za proizvod 98 (ID slike: 193),"Automatski generirani opis za sliku 193, slika broj 2 proizvoda 98"
194,images/slika_proizvod_99_img1_id194.jpg,Slika 1 za proizvod 99 (ID slike: 194),"Automatski generirani opis za sliku 194, slika broj 1 proizvoda 99"
195,images/slika_proizvod_99_img2_id195.jpg,Slika 2 za proizvod 99 (ID slike: 195),"Automatski generirani opis za sliku 195, slika broj 2 proizvoda 99"
196,images/slika_proizvod_99_img3_id196.jpg,Slika 3 za proizvod 99 (ID slike: 196),"Automatski generirani opis za sliku 196, slika broj 3 proizvoda 99"
197,images/slika_proizvod_100_img1_id197.jpg,Slika 1 za proizvod 100 (ID slike: 197),"Automatski generirani opis za sliku 197, slika broj 1 proizvoda 100"
198,images/slika_proizvod_100_img2_id198.jpg,Slika 2 za proizvod 100 (ID slike: 198),"Automatski generirani opis za sliku 198, slika broj 2 proizvoda 100"
199,images/slika_proizvod_100_img3_id199.jpg,Slika 3 za proizvod 100 (ID slike: 199),"Automatski generirani opis za sliku 199, slika broj 3 proizvoda 100"
200,images/slika_proizvod_101_img1_id200.jpg,Slika 1 za proizvod 101 (ID slike: 200),"Automatski generirani opis za sliku 200, slika broj 1 proizvoda 101"
201,images/slika_proizvod_102_img1_id201.jpg,Slika 1 za proizvod 102 (ID slike: 201),"Automatski generirani opis za sliku 201, slika broj 1 proizvoda 102"
202,images/slika_proizvod_102_img2_id202.jpg,Slika 2 za proizvod 102 (ID slike: 202),"Automatski generirani opis za sliku 202, slika broj 2 proizvoda 102"
203,images/slika_proizvod_103_img1_id203.jpg,Slika 1 za proizvod 103 (ID slike: 203),"Automatski generirani opis za sliku 203, slika broj 1 proizvoda 103"
204,images/slika_proizvod_103_img2_id204.jpg,Slika 2 za proizvod 103 (ID slike: 204),"Automatski generirani opis za sliku 204, slika broj 2 proizvoda 103"
205,images/slika_proizvod_104_img1_id205.jpg,Slika 1 za proizvod 104 (ID slike: 205),"Automatski generirani opis za sliku 205, slika broj 1 proizvoda 104"
206,images/slika_proizvod_104_img2_id206.jpg,Slika 2 za proizvod 104 (ID slike: 206),"Automatski generirani opis za sliku 206, slika broj 2 proizvoda 104"
207,images/slika_proizvod_105_img1_id207.jpg,Slika 1 za proizvod 105 (ID slike: 207),"Automatski generirani opis za sliku 207, slika broj 1 proizvoda 105"
208,images/slika_proizvod_106_img1_id208.jpg,Slika 1 za proizvod 106 (ID slike: 208),"Automatski generirani opis za sliku 208, slika broj 1 proizvoda 106"
209,images/slika_proizvod_107_img1_id209.jpg,Slika 1 za proizvod 107 (ID slike: 209),"Automatski generirani opis za sliku 209, slika broj 1 proizvoda 107"
210,images/slika_proizvod_107_img2_id210.jpg,Slika 2 za proizvod 107 (ID slike: 210),"Automatski generirani opis za sliku 210, slika broj 2 proizvoda 107"
211,images/slika_proizvod_108_img1_id211.jpg,Slika 1 za proizvod 108 (ID slike: 211),"Automatski generirani opis za sliku 211, slika broj 1 proizvoda 108"
212,images/slika_proizvod_109_img1_id212.jpg,Slika 1 za proizvod 109 (ID slike: 212),"Automatski generirani opis za sliku 212, slika broj 1 proizvoda 109"
213,images/slika_proizvod_109_img2_id213.jpg,Slika 2 za proizvod 109 (ID slike: 213),"Automatski generirani opis za sliku 213, slika broj 2 proizvoda 109"
214,images/slika_proizvod_109_img3_id214.jpg,Slika 3 za proizvod 109 (ID slike: 214),"Automatski generirani opis za sliku 214, slika broj 3 proizvoda 109"
215,images/slika_proizvod_110_img1_id215.jpg,Slika 1 za proizvod 110 (ID slike: 215),"Automatski generirani opis za sliku 215, slika broj 1 proizvoda 110"
216,images/slika_proizvod_110_img2_id216.jpg,Slika 2 za proizvod 110 (ID slike: 216),"Automatski generirani opis za sliku 216, slika broj 2 proizvoda 110"
217,images/slika_proizvod_110_img3_id217.jpg,Slika 3 za proizvod 110 (ID slike: 217),"Automatski generirani opis za sliku 217, slika broj 3 proizvoda 110"
218,images/slika_proizvod_111_img1_id218.jpg,Slika 1 za proizvod 111 (ID slike: 218),"Automatski generirani opis za sliku 218, slika broj 1 proizvoda 111"
219,images/slika_proizvod_111_img2_id219.jpg,Slika 2 za proizvod 111 (ID slike: 219),"Automatski generirani opis za sliku 219, slika broj 2 proizvoda 111"
220,images/slika_proizvod_112_img1_id220.jpg,Slika 1 za proizvod 112 (ID slike: 220),"Automatski generirani opis za sliku 220, slika broj 1 proizvoda 112"
221,images/slika_proizvod_112_img2_id221.jpg,Slika 2 za proizvod 112 (ID slike: 221),"Automatski generirani opis za sliku 221, slika broj 2 proizvoda 112"
222,images/slika_proizvod_113_img1_id222.jpg,Slika 1 za proizvod 113 (ID slike: 222),"Automatski generirani opis za sliku 222, slika broj 1 proizvoda 113"
223,images/slika_proizvod_113_img2_id223.jpg,Slika 2 za proizvod 113 (ID slike: 223),"Automatski generirani opis za sliku 223, slika broj 2 proizvoda 113"
224,images/slika_proizvod_113_img3_id224.jpg,Slika 3 za proizvod 113 (ID slike: 224),"Automatski generirani opis za sliku 224, slika broj 3 proizvoda 113"
225,images/slika_proizvod_114_img1_id225.jpg,Slika 1 za proizvod 114 (ID slike: 225),"Automatski generirani opis za sliku 225, slika broj 1 proizvoda 114"
226,images/slika_proizvod_114_img2_id226.jpg,Slika 2 za proizvod 114 (ID slike: 226),"Automatski generirani opis za sliku 226, slika broj 2 proizvoda 114"
227,images/slika_proizvod_115_img1_id227.jpg,Slika 1 za proizvod 115 (ID slike: 227),"Automatski generirani opis za sliku 227, slika broj 1 proizvoda 115"
228,images/slika_proizvod_116_img1_id228.jpg,Slika 1 za proizvod 116 (ID slike: 228),"Automatski generirani opis za sliku 228, slika broj 1 proizvoda 116"
229,images/slika_proizvod_117_img1_id229.jpg,Slika 1 za proizvod 117 (ID slike: 229),"Automatski generirani opis za sliku 229, slika broj 1 proizvoda 117"
230,images/slika_proizvod_117_img2_id230.jpg,Slika 2 za proizvod 117 (ID slike: 230),"Automatski generirani opis za sliku 230, slika broj 2 proizvoda 117"
231,images/slika_proizvod_118_img1_id231.jpg,Slika 1 za proizvod 118 (ID slike: 231),"Automatski generirani opis za sliku 231, slika broj 1 proizvoda 118"
232,images/slika_proizvod_118_img2_id232.jpg,Slika 2 za proizvod 118 (ID slike: 232),"Automatski generirani opis za sliku 232, slika broj 2 proizvoda 118"
233,images/slika_proizvod_119_img1_id233.jpg,Slika 1 za proizvod 119 (ID slike: 233),"Automatski generirani opis za sliku 233, slika broj 1 proizvoda 119"
234,images/slika_proizvod_119_img2_id234.jpg,Slika 2 za proizvod 119 (ID slike: 234),"Automatski generirani opis za sliku 234, slika broj 2 proizvoda 119"
235,images/slika_proizvod_120_img1_id235.jpg,Slika 1 za proizvod 120 (ID slike: 235),"Automatski generirani opis za sliku 235, slika broj 1 proizvoda 120"
236,images/slika_proizvod_121_img1_id236.jpg,Slika 1 za proizvod 121 (ID slike: 236),"Automatski generirani opis za sliku 236, slika broj 1 proizvoda 121"
237,images/slika_proizvod_122_img1_id237.jpg,Slika 1 za proizvod 122 (ID slike: 237),"Automatski generirani opis za sliku 237, slika broj 1 proizvoda 122"
238,images/slika_proizvod_122_img2_id238.jpg,Slika 2 za proizvod 122 (ID slike: 238),"Automatski generirani opis za sliku 238, slika broj 2 proizvoda 122"
239,images/slika_proizvod_122_img3_id239.jpg,Slika 3 za proizvod 122 (ID slike: 239),"Automatski generirani opis za sliku 239, slika broj 3 proizvoda 122"
240,images/slika_proizvod_123_img1_id240.jpg,Slika 1 za proizvod 123 (ID slike: 240),"Automatski generirani opis za sliku 240, slika broj 1 proizvoda 123"
241,images/slika_proizvod_123_img2_id241.jpg,Slika 2 za proizvod 123 (ID slike: 241),"Automatski generirani opis za sliku 241, slika broj 2 proizvoda 123"
242,images/slika_proizvod_123_img3_id242.jpg,Slika 3 za proizvod 123 (ID slike: 242),"Automatski generirani opis za sliku 242, slika broj 3 proizvoda 123"
243,images/slika_proizvod_124_img1_id243.jpg,Slika 1 za proizvod 124 (ID slike: 243),"Automatski generirani opis za sliku 243, slika broj 1 proizvoda 124"
244,images/slika_proizvod_125_img1_id244.jpg,Slika 1 za proizvod 125 (ID slike: 244),"Automatski generirani opis za sliku 244, slika broj 1 proizvoda 125"
245,images/slika_proizvod_125_img2_id245.jpg,Slika 2 za proizvod 125 (ID slike: 245),"Automatski generirani opis za sliku 245, slika broj 2 proizvoda 125"
246,images/slika_proizvod_126_img1_id246.jpg,Slika 1 za proizvod 126 (ID slike: 246),"Automatski generirani opis za sliku 246, slika broj 1 proizvoda 126"
247,images/slika_proizvod_126_img2_id247.jpg,Slika 2 za proizvod 126 (ID slike: 247),"Automatski generirani opis za sliku 247, slika broj 2 proizvoda 126"
248,images/slika_proizvod_127_img1_id248.jpg,Slika 1 za proizvod 127 (ID slike: 248),"Automatski generirani opis za sliku 248, slika broj 1 proizvoda 127"
249,images/slika_proizvod_127_img2_id249.jpg,Slika 2 za proizvod 127 (ID slike: 249),"Automatski generirani opis za sliku 249, slika broj 2 proizvoda 127"
250,images/slika_proizvod_127_img3_id250.jpg,Slika 3 za proizvod 127 (ID slike: 250),"Automatski generirani opis za sliku 250, slika broj 3 proizvoda 127"
251,images/slika_proizvod_128_img1_id251.jpg,Slika 1 za proizvod 128 (ID slike: 251),"Automatski generirani opis za sliku 251, slika broj 1 proizvoda 128"
252,images/slika_proizvod_128_img2_id252.jpg,Slika 2 za proizvod 128 (ID slike: 252),"Automatski generirani opis za sliku 252, slika broj 2 proizvoda 128"
253,images/slika_proizvod_129_img1_id253.jpg,Slika 1 za proizvod 129 (ID slike: 253),"Automatski generirani opis za sliku 253, slika broj 1 proizvoda 129"
254,images/slika_proizvod_130_img1_id254.jpg,Slika 1 za proizvod 130 (ID slike: 254),"Automatski generirani opis za sliku 254, slika broj 1 proizvoda 130"
255,images/slika_proizvod_130_img2_id255.jpg,Slika 2 za proizvod 130 (ID slike: 255),"Automatski generirani opis za sliku 255, slika broj 2 proizvoda 130"
256,images/slika_proizvod_130_img3_id256.jpg,Slika 3 za proizvod 130 (ID slike: 256),"Automatski generirani opis za sliku 256, slika broj 3 proizvoda 130"
257,images/slika_proizvod_131_img1_id257.jpg,Slika 1 za proizvod 131 (ID slike: 257),"Automatski generirani opis za sliku 257, slika broj 1 proizvoda 131"
258,images/slika_proizvod_131_img2_id258.jpg,Slika 2 za proizvod 131 (ID slike: 258),"Automatski generirani opis za sliku 258, slika broj 2 proizvoda 131"
259,images/slika_proizvod_131_img3_id259.jpg,Slika 3 za proizvod 131 (ID slike: 259),"Automatski generirani opis za sliku 259, slika broj 3 proizvoda 131"
260,images/slika_proizvod_132_img1_id260.jpg,Slika 1 za proizvod 132 (ID slike: 260),"Automatski generirani opis za sliku 260, slika broj 1 proizvoda 132"
261,images/slika_proizvod_133_img1_id261.jpg,Slika 1 za proizvod 133 (ID slike: 261),"Automatski generirani opis za sliku 261, slika broj 1 proizvoda 133"
262,images/slika_proizvod_133_img2_id262.jpg,Slika 2 za proizvod 133 (ID slike: 262),"Automatski generirani opis za sliku 262, slika broj 2 proizvoda 133"
263,images/slika_proizvod_133_img3_id263.jpg,Slika 3 za proizvod 133 (ID slike: 263),"Automatski generirani opis za sliku 263, slika broj 3 proizvoda 133"
264,images/slika_proizvod_134_img1_id264.jpg,Slika 1 za proizvod 134 (ID slike: 264),"Automatski generirani opis za sliku 264, slika broj 1 proizvoda 134"
265,images/slika_proizvod_134_img2_id265.jpg,Slika 2 za proizvod 134 (ID slike: 265),"Automatski generirani opis za sliku 265, slika broj 2 proizvoda 134"
266,images/slika_proizvod_134_img3_id266.jpg,Slika 3 za proizvod 134 (ID slike: 266),"Automatski generirani opis za sliku 266, slika broj 3 proizvoda 134"
267,images/slika_proizvod_135_img1_id267.jpg,Slika 1 za proizvod 135 (ID slike: 267),"Automatski generirani opis za sliku 267, slika broj 1 proizvoda 135"
268,images/slika_proizvod_135_img2_id268.jpg,Slika 2 za proizvod 135 (ID slike: 268),"Automatski generirani opis za sliku 268, slika broj 2 proizvoda 135"
269,images/slika_proizvod_135_img3_id269.jpg,Slika 3 za proizvod 135 (ID slike: 269),"Automatski generirani opis za sliku 269, slika broj 3 proizvoda 135"
270,images/slika_proizvod_136_img1_id270.jpg,Slika 1 za proizvod 136 (ID slike: 270),"Automatski generirani opis za sliku 270, slika broj 1 proizvoda 136"
271,images/slika_proizvod_136_img2_id271.jpg,Slika 2 za proizvod 136 (ID slike: 271),"Automatski generirani opis za sliku 271, slika broj 2 proizvoda 136"
272,images/slika_proizvod_137_img1_id272.jpg,Slika 1 za proizvod 137 (ID slike: 272),"Automatski generirani opis za sliku 272, slika broj 1 proizvoda 137"
273,images/slika_proizvod_138_img1_id273.jpg,Slika 1 za proizvod 138 (ID slike: 273),"Automatski generirani opis za sliku 273, slika broj 1 proizvoda 138"
274,images/slika_proizvod_138_img2_id274.jpg,Slika 2 za proizvod 138 (ID slike: 274),"Automatski generirani opis za sliku 274, slika broj 2 proizvoda 138"
275,images/slika_proizvod_138_img3_id275.jpg,Slika 3 za proizvod 138 (ID slike: 275),"Automatski generirani opis za sliku 275, slika broj 3 proizvoda 138"
276,images/slika_proizvod_139_img1_id276.jpg,Slika 1 za proizvod 139 (ID slike: 276),"Automatski generirani opis za sliku 276, slika broj 1 proizvoda 139"
277,images/slika_proizvod_140_img1_id277.jpg,Slika 1 za proizvod 140 (ID slike: 277),"Automatski generirani opis za sliku 277, slika broj 1 proizvoda 140"
278,images/slika_proizvod_140_img2_id278.jpg,Slika 2 za proizvod 140 (ID slike: 278),"Automatski generirani opis za sliku 278, slika broj 2 proizvoda 140"
279,images/slika_proizvod_140_img3_id279.jpg,Slika 3 za proizvod 140 (ID slike: 279),"Automatski generirani opis za sliku 279, slika broj 3 proizvoda 140"
280,images/slika_proizvod_141_img1_id280.jpg,Slika 1 za proizvod 141 (ID slike: 280),"Automatski generirani opis za sliku 280, slika broj 1 proizvoda 141"
281,images/slika_proizvod_141_img2_id281.jpg,Slika 2 za proizvod 141 (ID slike: 281),"Automatski generirani opis za sliku 281, slika broj 2 proizvoda 141"
282,images/slika_proizvod_142_img1_id282.jpg,Slika 1 za proizvod 142 (ID slike: 282),"Automatski generirani opis za sliku 282, slika broj 1 proizvoda 142"
283,images/slika_proizvod_142_img2_id283.jpg,Slika 2 za proizvod 142 (ID slike: 283),"Automatski generirani opis za sliku 283, slika broj 2 proizvoda 142"
284,images/slika_proizvod_143_img1_id284.jpg,Slika 1 za proizvod 143 (ID slike: 284),"Automatski generirani opis za sliku 284, slika broj 1 proizvoda 143"
285,images/slika_proizvod_143_img2_id285.jpg,Slika 2 za proizvod 143 (ID slike: 285),"Automatski generirani opis za sliku 285, slika broj 2 proizvoda 143"
286,images/slika_proizvod_144_img1_id286.jpg,Slika 1 za proizvod 144 (ID slike: 286),"Automatski generirani opis za sliku 286, slika broj 1 proizvoda 144"
287,images/slika_proizvod_144_img2_id287.jpg,Slika 2 za proizvod 144 (ID slike: 287),"Automatski generirani opis za sliku 287, slika broj 2 proizvoda 144"
288,images/slika_proizvod_145_img1_id288.jpg,Slika 1 za proizvod 145 (ID slike: 288),"Automatski generirani opis za sliku 288, slika broj 1 proizvoda 145"
289,images/slika_proizvod_146_img1_id289.jpg,Slika 1 za proizvod 146 (ID slike: 289),"Automatski generirani opis za sliku 289, slika broj 1 proizvoda 146"
290,images/slika_proizvod_146_img2_id290.jpg,Slika 2 za proizvod 146 (ID slike: 290),"Automatski generirani opis za sliku 290, slika broj 2 proizvoda 146"
291,images/slika_proizvod_147_img1_id291.jpg,Slika 1 za proizvod 147 (ID slike: 291),"Automatski generirani opis za sliku 291, slika broj 1 proizvoda 147"
292,images/slika_proizvod_148_img1_id292.jpg,Slika 1 za proizvod 148 (ID slike: 292),"Automatski generirani opis za sliku 292, slika broj 1 proizvoda 148"
293,images/slika_proizvod_148_img2_id293.jpg,Slika 2 za proizvod 148 (ID slike: 293),"Automatski generirani opis za sliku 293, slika broj 2 proizvoda 148"
294,images/slika_proizvod_148_img3_id294.jpg,Slika 3 za proizvod 148 (ID slike: 294),"Automatski generirani opis za sliku 294, slika broj 3 proizvoda 148"
295,images/slika_proizvod_149_img1_id295.jpg,Slika 1 za proizvod 149 (ID slike: 295),"Automatski generirani opis za sliku 295, slika broj 1 proizvoda 149"
296,images/slika_proizvod_149_img2_id296.jpg,Slika 2 za proizvod 149 (ID slike: 296),"Automatski generirani opis za sliku 296, slika broj 2 proizvoda 149"
297,images/slika_proizvod_150_img1_id297.jpg,Slika 1 za proizvod 150 (ID slike: 297),"Automatski generirani opis za sliku 297, slika broj 1 proizvoda 150"
298,images/slika_proizvod_150_img2_id298.jpg,Slika 2 za proizvod 150 (ID slike: 298),"Automatski generirani opis za sliku 298, slika broj 2 proizvoda 150"
299,images/slika_proizvod_151_img1_id299.jpg,Slika 1 za proizvod 151 (ID slike: 299),"Automatski generirani opis za sliku 299, slika broj 1 proizvoda 151"
300,images/slika_proizvod_151_img2_id300.jpg,Slika 2 za proizvod 151 (ID slike: 300),"Automatski generirani opis za sliku 300, slika broj 2 proizvoda 151"
301,images/slika_proizvod_152_img1_id301.jpg,Slika 1 za proizvod 152 (ID slike: 301),"Automatski generirani opis za sliku 301, slika broj 1 proizvoda 152"
302,images/slika_proizvod_152_img2_id302.jpg,Slika 2 za proizvod 152 (ID slike: 302),"Automatski generirani opis za sliku 302, slika broj 2 proizvoda 152"
303,images/slika_proizvod_153_img1_id303.jpg,Slika 1 za proizvod 153 (ID slike: 303),"Automatski generirani opis za sliku 303, slika broj 1 proizvoda 153"
304,images/slika_proizvod_153_img2_id304.jpg,Slika 2 za proizvod 153 (ID slike: 304),"Automatski generirani opis za sliku 304, slika broj 2 proizvoda 153"
305,images/slika_proizvod_153_img3_id305.jpg,Slika 3 za proizvod 153 (ID slike: 305),"Automatski generirani opis za sliku 305, slika broj 3 proizvoda 153"
306,images/slika_proizvod_154_img1_id306.jpg,Slika 1 za proizvod 154 (ID slike: 306),"Automatski generirani opis za sliku 306, slika broj 1 proizvoda 154"
307,images/slika_proizvod_155_img1_id307.jpg,Slika 1 za proizvod 155 (ID slike: 307),"Automatski generirani opis za sliku 307, slika broj 1 proizvoda 155"
308,images/slika_proizvod_155_img2_id308.jpg,Slika 2 za proizvod 155 (ID slike: 308),"Automatski generirani opis za sliku 308, slika broj 2 proizvoda 155"
309,images/slika_proizvod_155_img3_id309.jpg,Slika 3 za proizvod 155 (ID slike: 309),"Automatski generirani opis za sliku 309, slika broj 3 proizvoda 155"
310,images/slika_proizvod_156_img1_id310.jpg,Slika 1 za proizvod 156 (ID slike: 310),"Automatski generirani opis za sliku 310, slika broj 1 proizvoda 156"
311,images/slika_proizvod_157_img1_id311.jpg,Slika 1 za proizvod 157 (ID slike: 311),"Automatski generirani opis za sliku 311, slika broj 1 proizvoda 157"
312,images/slika_proizvod_157_img2_id312.jpg,Slika 2 za proizvod 157 (ID slike: 312),"Automatski generirani opis za sliku 312, slika broj 2 proizvoda 157"
313,images/slika_proizvod_158_img1_id313.jpg,Slika 1 za proizvod 158 (ID slike: 313),"Automatski generirani opis za sliku 313, slika broj 1 proizvoda 158"
314,images/slika_proizvod_159_img1_id314.jpg,Slika 1 za proizvod 159 (ID slike: 314),"Automatski generirani opis za sliku 314, slika broj 1 proizvoda 159"
315,images/slika_proizvod_160_img1_id315.jpg,Slika 1 za proizvod 160 (ID slike: 315),"Automatski generirani opis za sliku 315, slika broj 1 proizvoda 160"
316,images/slika_proizvod_160_img2_id316.jpg,Slika 2 za proizvod 160 (ID slike: 316),"Automatski generirani opis za sliku 316, slika broj 2 proizvoda 160"
317,images/slika_proizvod_160_img3_id317.jpg,Slika 3 za proizvod 160 (ID slike: 317),"Automatski generirani opis za sliku 317, slika broj 3 proizvoda 160"
318,images/slika_proizvod_161_img1_id318.jpg,Slika 1 za proizvod 161 (ID slike: 318),"Automatski generirani opis za sliku 318, slika broj 1 proizvoda 161"
319,images/slika_proizvod_162_img1_id319.jpg,Slika 1 za proizvod 162 (ID slike: 319),"Automatski generirani opis za sliku 319, slika broj 1 proizvoda 162"
320,images/slika_proizvod_162_img2_id320.jpg,Slika 2 za proizvod 162 (ID slike: 320),"Automatski generirani opis za sliku 320, slika broj 2 proizvoda 162"
321,images/slika_proizvod_163_img1_id321.jpg,Slika 1 za proizvod 163 (ID slike: 321),"Automatski generirani opis za sliku 321, slika broj 1 proizvoda 163"
322,images/slika_proizvod_163_img2_id322.jpg,Slika 2 za proizvod 163 (ID slike: 322),"Automatski generirani opis za sliku 322, slika broj 2 proizvoda 163"
323,images/slika_proizvod_164_img1_id323.jpg,Slika 1 za proizvod 164 (ID slike: 323),"Automatski generirani opis za sliku 323, slika broj 1 proizvoda 164"
324,images/slika_proizvod_164_img2_id324.jpg,Slika 2 za proizvod 164 (ID slike: 324),"Automatski generirani opis za sliku 324, slika broj 2 proizvoda 164"
325,images/slika_proizvod_164_img3_id325.jpg,Slika 3 za proizvod 164 (ID slike: 325),"Automatski generirani opis za sliku 325, slika broj 3 proizvoda 164"
326,images/slika_proizvod_165_img1_id326.jpg,Slika 1 za proizvod 165 (ID slike: 326),"Automatski generirani opis za sliku 326, slika broj 1 proizvoda 165"
327,images/slika_proizvod_165_img2_id327.jpg,Slika 2 za proizvod 165 (ID slike: 327),"Automatski generirani opis za sliku 327, slika broj 2 proizvoda 165"
328,images/slika_proizvod_165_img3_id328.jpg,Slika 3 za proizvod 165 (ID slike: 328),"Automatski generirani opis za sliku 328, slika broj 3 proizvoda 165"
329,images/slika_proizvod_166_img1_id329.jpg,Slika 1 za proizvod 166 (ID slike: 329),"Automatski generirani opis za sliku 329, slika broj 1 proizvoda 166"
330,images/slika_proizvod_167_img1_id330.jpg,Slika 1 za proizvod 167 (ID slike: 330),"Automatski generirani opis za sliku 330, slika broj 1 proizvoda 167"
331,images/slika_proizvod_167_img2_id331.jpg,Slika 2 za proizvod 167 (ID slike: 331),"Automatski generirani opis za sliku 331, slika broj 2 proizvoda 167"
332,images/slika_proizvod_167_img3_id332.jpg,Slika 3 za proizvod 167 (ID slike: 332),"Automatski generirani opis za sliku 332, slika broj 3 proizvoda 167"
333,images/slika_proizvod_168_img1_id333.jpg,Slika 1 za proizvod 168 (ID slike: 333),"Automatski generirani opis za sliku 333, slika broj 1 proizvoda 168"
334,images/slika_proizvod_168_img2_id334.jpg,Slika 2 za proizvod 168 (ID slike: 334),"Automatski generirani opis za sliku 334, slika broj 2 proizvoda 168"
335,images/slika_proizvod_169_img1_id335.jpg,Slika 1 za proizvod 169 (ID slike: 335),"Automatski generirani opis za sliku 335, slika broj 1 proizvoda 169"
336,images/slika_proizvod_169_img2_id336.jpg,Slika 2 za proizvod 169 (ID slike: 336),"Automatski generirani opis za sliku 336, slika broj 2 proizvoda 169"
337,images/slika_proizvod_169_img3_id337.jpg,Slika 3 za proizvod 169 (ID slike: 337),"Automatski generirani opis za sliku 337, slika broj 3 proizvoda 169"
338,images/slika_proizvod_170_img1_id338.jpg,Slika 1 za proizvod 170 (ID slike: 338),"Automatski generirani opis za sliku 338, slika broj 1 proizvoda 170"
339,images/slika_proizvod_171_img1_id339.jpg,Slika 1 za proizvod 171 (ID slike: 339),"Automatski generirani opis za sliku 339, slika broj 1 proizvoda 171"
340,images/slika_proizvod_171_img2_id340.jpg,Slika 2 za proizvod 171 (ID slike: 340),"Automatski generirani opis za sliku 340, slika broj 2 proizvoda 171"
341,images/slika_proizvod_172_img1_id341.jpg,Slika 1 za proizvod 172 (ID slike: 341),"Automatski generirani opis za sliku 341, slika broj 1 proizvoda 172"
342,images/slika_proizvod_172_img2_id342.jpg,Slika 2 za proizvod 172 (ID slike: 342),"Automatski generirani opis za sliku 342, slika broj 2 proizvoda 172"
343,images/slika_proizvod_172_img3_id343.jpg,Slika 3 za proizvod 172 (ID slike: 343),"Automatski generirani opis za sliku 343, slika broj 3 proizvoda 172"
344,images/slika_proizvod_173_img1_id344.jpg,Slika 1 za proizvod 173 (ID slike: 344),"Automatski generirani opis za sliku 344, slika broj 1 proizvoda 173"
345,images/slika_proizvod_173_img2_id345.jpg,Slika 2 za proizvod 173 (ID slike: 345),"Automatski generirani opis za sliku 345, slika broj 2 proizvoda 173"
346,images/slika_proizvod_174_img1_id346.jpg,Slika 1 za proizvod 174 (ID slike: 346),"Automatski generirani opis za sliku 346, slika broj 1 proizvoda 174"
347,images/slika_proizvod_174_img2_id347.jpg,Slika 2 za proizvod 174 (ID slike: 347),"Automatski generirani opis za sliku 347, slika broj 2 proizvoda 174"
348,images/slika_proizvod_174_img3_id348.jpg,Slika 3 za proizvod 174 (ID slike: 348),"Automatski generirani opis za sliku 348, slika broj 3 proizvoda 174"
349,images/slika_proizvod_175_img1_id349.jpg,Slika 1 za proizvod 175 (ID slike: 349),"Automatski generirani opis za sliku 349, slika broj 1 proizvoda 175"
350,images/slika_proizvod_175_img2_id350.jpg,Slika 2 za proizvod 175 (ID slike: 350),"Automatski generirani opis za sliku 350, slika broj 2 proizvoda 175"
351,images/slika_proizvod_176_img1_id351.jpg,Slika 1 za proizvod 176 (ID slike: 351),"Automatski generirani opis za sliku 351, slika broj 1 proizvoda 176"
352,images/slika_proizvod_177_img1_id352.jpg,Slika 1 za proizvod 177 (ID slike: 352),"Automatski generirani opis za sliku 352, slika broj 1 proizvoda 177"
353,images/slika_proizvod_177_img2_id353.jpg,Slika 2 za proizvod 177 (ID slike: 353),"Automatski generirani opis za sliku 353, slika broj 2 proizvoda 177"
354,images/slika_proizvod_178_img1_id354.jpg,Slika 1 za proizvod 178 (ID slike: 354),"Automatski generirani opis za sliku 354, slika broj 1 proizvoda 178"
355,images/slika_proizvod_179_img1_id355.jpg,Slika 1 za proizvod 179 (ID slike: 355),"Automatski generirani opis za sliku 355, slika broj 1 proizvoda 179"
356,images/slika_proizvod_180_img1_id356.jpg,Slika 1 za proizvod 180 (ID slike: 356),"Automatski generirani opis za sliku 356, slika broj 1 proizvoda 180"
357,images/slika_proizvod_180_img2_id357.jpg,Slika 2 za proizvod 180 (ID slike: 357),"Automatski generirani opis za sliku 357, slika broj 2 proizvoda 180"
358,images/slika_proizvod_181_img1_id358.jpg,Slika 1 za proizvod 181 (ID slike: 358),"Automatski generirani opis za sliku 358, slika broj 1 proizvoda 181"
359,images/slika_proizvod_182_img1_id359.jpg,Slika 1 za proizvod 182 (ID slike: 359),"Automatski generirani opis za sliku 359, slika broj 1 proizvoda 182"
360,images/slika_proizvod_182_img2_id360.jpg,Slika 2 za proizvod 182 (ID slike: 360),"Automatski generirani opis za sliku 360, slika broj 2 proizvoda 182"
361,images/slika_proizvod_183_img1_id361.jpg,Slika 1 za proizvod 183 (ID slike: 361),"Automatski generirani opis za sliku 361, slika broj 1 proizvoda 183"
362,images/slika_proizvod_184_img1_id362.jpg,Slika 1 za proizvod 184 (ID slike: 362),"Automatski generirani opis za sliku 362, slika broj 1 proizvoda 184"
363,images/slika_proizvod_184_img2_id363.jpg,Slika 2 za proizvod 184 (ID slike: 363),"Automatski generirani opis za sliku 363, slika broj 2 proizvoda 184"
364,images/slika_proizvod_184_img3_id364.jpg,Slika 3 za proizvod 184 (ID slike: 364),"Automatski generirani opis za sliku 364, slika broj 3 proizvoda 184"
365,images/slika_proizvod_185_img1_id365.jpg,Slika 1 za proizvod 185 (ID slike: 365),"Automatski generirani opis za sliku 365, slika broj 1 proizvoda 185"
366,images/slika_proizvod_185_img2_id366.jpg,Slika 2 za proizvod 185 (ID slike: 366),"Automatski generirani opis za sliku 366, slika broj 2 proizvoda 185"
367,images/slika_proizvod_185_img3_id367.jpg,Slika 3 za proizvod 185 (ID slike: 367),"Automatski generirani opis za sliku 367, slika broj 3 proizvoda 185"
368,images/slika_proizvod_186_img1_id368.jpg,Slika 1 za proizvod 186 (ID slike: 368),"Automatski generirani opis za sliku 368, slika broj 1 proizvoda 186"
369,images/slika_proizvod_187_img1_id369.jpg,Slika 1 za proizvod 187 (ID slike: 369),"Automatski generirani opis za sliku 369, slika broj 1 proizvoda 187"
370,images/slika_proizvod_187_img2_id370.jpg,Slika 2 za proizvod 187 (ID slike: 370),"Automatski generirani opis za sliku 370, slika broj 2 proizvoda 187"
371,images/slika_proizvod_187_img3_id371.jpg,Slika 3 za proizvod 187 (ID slike: 371),"Automatski generirani opis za sliku 371, slika broj 3 proizvoda 187"
372,images/slika_proizvod_188_img1_id372.jpg,Slika 1 za proizvod 188 (ID slike: 372),"Automatski generirani opis za sliku 372, slika broj 1 proizvoda 188"
373,images/slika_proizvod_188_img2_id373.jpg,Slika 2 za proizvod 188 (ID slike: 373),"Automatski generirani opis za sliku 373, slika broj 2 proizvoda 188"
374,images/slika_proizvod_189_img1_id374.jpg,Slika 1 za proizvod 189 (ID slike: 374),"Automatski generirani opis za sliku 374, slika broj 1 proizvoda 189"
375,images/slika_proizvod_189_img2_id375.jpg,Slika 2 za proizvod 189 (ID slike: 375),"Automatski generirani opis za sliku 375, slika broj 2 proizvoda 189"
376,images/slika_proizvod_189_img3_id376.jpg,Slika 3 za proizvod 189 (ID slike: 376),"Automatski generirani opis za sliku 376, slika broj 3 proizvoda 189"
377,images/slika_proizvod_190_img1_id377.jpg,Slika 1 za proizvod 190 (ID slike: 377),"Automatski generirani opis za sliku 377, slika broj 1 proizvoda 190"
378,images/slika_proizvod_190_img2_id378.jpg,Slika 2 za proizvod 190 (ID slike: 378),"Automatski generirani opis za sliku 378, slika broj 2 proizvoda 190"
379,images/slika_proizvod_190_img3_id379.jpg,Slika 3 za proizvod 190 (ID slike: 379),"Automatski generirani opis za sliku 379, slika broj 3 proizvoda 190"
380,images/slika_proizvod_191_img1_id380.jpg,Slika 1 za proizvod 191 (ID slike: 380),"Automatski generirani opis za sliku 380, slika broj 1 proizvoda 191"
381,images/slika_proizvod_192_img1_id381.jpg,Slika 1 za proizvod 192 (ID slike: 381),"Automatski generirani opis za sliku 381, slika broj 1 proizvoda 192"
382,images/slika_proizvod_192_img2_id382.jpg,Slika 2 za proizvod 192 (ID slike: 382),"Automatski generirani opis za sliku 382, slika broj 2 proizvoda 192"
383,images/slika_proizvod_192_img3_id383.jpg,Slika 3 za proizvod 192 (ID slike: 383),"Automatski generirani opis za sliku 383, slika broj 3 proizvoda 192"
384,images/slika_proizvod_193_img1_id384.jpg,Slika 1 za proizvod 193 (ID slike: 384),"Automatski generirani opis za sliku 384, slika broj 1 proizvoda 193"
385,images/slika_proizvod_194_img1_id385.jpg,Slika 1 za proizvod 194 (ID slike: 385),"Automatski generirani opis za sliku 385, slika broj 1 proizvoda 194"
386,images/slika_proizvod_194_img2_id386.jpg,Slika 2 za proizvod 194 (ID slike: 386),"Automatski generirani opis za sliku 386, slika broj 2 proizvoda 194"
387,images/slika_proizvod_194_img3_id387.jpg,Slika 3 za proizvod 194 (ID slike: 387),"Automatski generirani opis za sliku 387, slika broj 3 proizvoda 194"
388,images/slika_proizvod_195_img1_id388.jpg,Slika 1 za proizvod 195 (ID slike: 388),"Automatski generirani opis za sliku 388, slika broj 1 proizvoda 195"
389,images/slika_proizvod_196_img1_id389.jpg,Slika 1 za proizvod 196 (ID slike: 389),"Automatski generirani opis za sliku 389, slika broj 1 proizvoda 196"
390,images/slika_proizvod_197_img1_id390.jpg,Slika 1 za proizvod 197 (ID slike: 390),"Automatski generirani opis za sliku 390, slika broj 1 proizvoda 197"
391,images/slika_proizvod_198_img1_id391.jpg,Slika 1 za proizvod 198 (ID slike: 391),"Automatski generirani opis za sliku 391, slika broj 1 proizvoda 198"
392,images/slika_proizvod_199_img1_id392.jpg,Slika 1 za proizvod 199 (ID slike: 392),"Automatski generirani opis za sliku 392, slika broj 1 proizvoda 199"
393,images/slika_proizvod_199_img2_id393.jpg,Slika 2 za proizvod 199 (ID slike: 393),"Automatski generirani opis za sliku 393, slika broj 2 proizvoda 199"
394,images/slika_proizvod_199_img3_id394.jpg,Slika 3 za proizvod 199 (ID slike: 394),"Automatski generirani opis za sliku 394, slika broj 3 proizvoda 199"
395,images/slika_proizvod_200_img1_id395.jpg,Slika 1 za proizvod 200 (ID slike: 395),"Automatski generirani opis za sliku 395, slika broj 1 proizvoda 200"
396,images/slika_proizvod_201_img1_id396.jpg,Slika 1 za proizvod 201 (ID slike: 396),"Automatski generirani opis za sliku 396, slika broj 1 proizvoda 201"
397,images/slika_proizvod_201_img2_id397.jpg,Slika 2 za proizvod 201 (ID slike: 397),"Automatski generirani opis za sliku 397, slika broj 2 proizvoda 201"
398,images/slika_proizvod_202_img1_id398.jpg,Slika 1 za proizvod 202 (ID slike: 398),"Automatski generirani opis za sliku 398, slika broj 1 proizvoda 202"
399,images/slika_proizvod_202_img2_id399.jpg,Slika 2 za proizvod 202 (ID slike: 399),"Automatski generirani opis za sliku 399, slika broj 2 proizvoda 202"
400,images/slika_proizvod_203_img1_id400.jpg,Slika 1 za proizvod 203 (ID slike: 400),"Automatski generirani opis za sliku 400, slika broj 1 proizvoda 203"
401,images/slika_proizvod_204_img1_id401.jpg,Slika 1 za proizvod 204 (ID slike: 401),"Automatski generirani opis za sliku 401, slika broj 1 proizvoda 204"
402,images/slika_proizvod_204_img2_id402.jpg,Slika 2 za proizvod 204 (ID slike: 402),"Automatski generirani opis za sliku 402, slika broj 2 proizvoda 204"
403,images/slika_proizvod_204_img3_id403.jpg,Slika 3 za proizvod 204 (ID slike: 403),"Automatski generirani opis za sliku 403, slika broj 3 proizvoda 204"
404,images/slika_proizvod_205_img1_id404.jpg,Slika 1 za proizvod 205 (ID slike: 404),"Automatski generirani opis za sliku 404, slika broj 1 proizvoda 205"
405,images/slika_proizvod_206_img1_id405.jpg,Slika 1 za proizvod 206 (ID slike: 405),"Automatski generirani opis za sliku 405, slika broj 1 proizvoda 206"
406,images/slika_proizvod_206_img2_id406.jpg,Slika 2 za proizvod 206 (ID slike: 406),"Automatski generirani opis za sliku 406, slika broj 2 proizvoda 206"
407,images/slika_proizvod_207_img1_id407.jpg,Slika 1 za proizvod 207 (ID slike: 407),"Automatski generirani opis za sliku 407, slika broj 1 proizvoda 207"
408,images/slika_proizvod_208_img1_id408.jpg,Slika 1 za proizvod 208 (ID slike: 408),"Automatski generirani opis za sliku 408, slika broj 1 proizvoda 208"
409,images/slika_proizvod_208_img2_id409.jpg,Slika 2 za proizvod 208 (ID slike: 409),"Automatski generirani opis za sliku 409, slika broj 2 proizvoda 208"
410,images/slika_proizvod_208_img3_id410.jpg,Slika 3 za proizvod 208 (ID slike: 410),"Automatski generirani opis za sliku 410, slika broj 3 proizvoda 208"
411,images/slika_proizvod_209_img1_id411.jpg,Slika 1 za proizvod 209 (ID slike: 411),"Automatski generirani opis za sliku 411, slika broj 1 proizvoda 209"
412,images/slika_proizvod_209_img2_id412.jpg,Slika 2 za proizvod 209 (ID slike: 412),"Automatski generirani opis za sliku 412, slika broj 2 proizvoda 209"
413,images/slika_proizvod_209_img3_id413.jpg,Slika 3 za proizvod 209 (ID slike: 413),"Automatski generirani opis za sliku 413, slika broj 3 proizvoda 209"
414,images/slika_proizvod_210_img1_id414.jpg,Slika 1 za proizvod 210 (ID slike: 414),"Automatski generirani opis za sliku 414, slika broj 1 proizvoda 210"
415,images/slika_proizvod_210_img2_id415.jpg,Slika 2 za proizvod 210 (ID slike: 415),"Automatski generirani opis za sliku 415, slika broj 2 proizvoda 210"
416,images/slika_proizvod_210_img3_id416.jpg,Slika 3 za proizvod 210 (ID slike: 416),"Automatski generirani opis za sliku 416, slika broj 3 proizvoda 210"
417,images/slika_proizvod_211_img1_id417.jpg,Slika 1 za proizvod 211 (ID slike: 417),"Automatski generirani opis za sliku 417, slika broj 1 proizvoda 211"
418,images/slika_proizvod_211_img2_id418.jpg,Slika 2 za proizvod 211 (ID slike: 418),"Automatski generirani opis za sliku 418, slika broj 2 proizvoda 211"
419,images/slika_proizvod_212_img1_id419.jpg,Slika 1 za proizvod 212 (ID slike: 419),"Automatski generirani opis za sliku 419, slika broj 1 proizvoda 212"
420,images/slika_proizvod_212_img2_id420.jpg,Slika 2 za proizvod 212 (ID slike: 420),"Automatski generirani opis za sliku 420, slika broj 2 proizvoda 212"
421,images/slika_proizvod_212_img3_id421.jpg,Slika 3 za proizvod 212 (ID slike: 421),"Automatski generirani opis za sliku 421, slika broj 3 proizvoda 212"
422,images/slika_proizvod_213_img1_id422.jpg,Slika 1 za proizvod 213 (ID slike: 422),"Automatski generirani opis za sliku 422, slika broj 1 proizvoda 213"
423,images/slika_proizvod_213_img2_id423.jpg,Slika 2 za proizvod 213 (ID slike: 423),"Automatski generirani opis za sliku 423, slika broj 2 proizvoda 213"
424,images/slika_proizvod_214_img1_id424.jpg,Slika 1 za proizvod 214 (ID slike: 424),"Automatski generirani opis za sliku 424, slika broj 1 proizvoda 214"
425,images/slika_proizvod_214_img2_id425.jpg,Slika 2 za proizvod 214 (ID slike: 425),"Automatski generirani opis za sliku 425, slika broj 2 proizvoda 214"
426,images/slika_proizvod_214_img3_id426.jpg,Slika 3 za proizvod 214 (ID slike: 426),"Automatski generirani opis za sliku 426, slika broj 3 proizvoda 214"
427,images/slika_proizvod_215_img1_id427.jpg,Slika 1 za proizvod 215 (ID slike: 427),"Automatski generirani opis za sliku 427, slika broj 1 proizvoda 215"
428,images/slika_proizvod_216_img1_id428.jpg,Slika 1 za proizvod 216 (ID slike: 428),"Automatski generirani opis za sliku 428, slika broj 1 proizvoda 216"
429,images/slika_proizvod_217_img1_id429.jpg,Slika 1 za proizvod 217 (ID slike: 429),"Automatski generirani opis za sliku 429, slika broj 1 proizvoda 217"
430,images/slika_proizvod_218_img1_id430.jpg,Slika 1 za proizvod 218 (ID slike: 430),"Automatski generirani opis za sliku 430, slika broj 1 proizvoda 218"
431,images/slika_proizvod_218_img2_id431.jpg,Slika 2 za proizvod 218 (ID slike: 431),"Automatski generirani opis za sliku 431, slika broj 2 proizvoda 218"
432,images/slika_proizvod_218_img3_id432.jpg,Slika 3 za proizvod 218 (ID slike: 432),"Automatski generirani opis za sliku 432, slika broj 3 proizvoda 218"
433,images/slika_proizvod_219_img1_id433.jpg,Slika 1 za proizvod 219 (ID slike: 433),"Automatski generirani opis za sliku 433, slika broj 1 proizvoda 219"
434,images/slika_proizvod_219_img2_id434.jpg,Slika 2 za proizvod 219 (ID slike: 434),"Automatski generirani opis za sliku 434, slika broj 2 proizvoda 219"
435,images/slika_proizvod_219_img3_id435.jpg,Slika 3 za proizvod 219 (ID slike: 435),"Automatski generirani opis za sliku 435, slika broj 3 proizvoda 219"
436,images/slika_proizvod_220_img1_id436.jpg,Slika 1 za proizvod 220 (ID slike: 436),"Automatski generirani opis za sliku 436, slika broj 1 proizvoda 220"
437,images/slika_proizvod_220_img2_id437.jpg,Slika 2 za proizvod 220 (ID slike: 437),"Automatski generirani opis za sliku 437, slika broj 2 proizvoda 220"
438,images/slika_proizvod_220_img3_id438.jpg,Slika 3 za proizvod 220 (ID slike: 438),"Automatski generirani opis za sliku 438, slika broj 3 proizvoda 220"
439,images/slika_proizvod_221_img1_id439.jpg,Slika 1 za proizvod 221 (ID slike: 439),"Automatski generirani opis za sliku 439, slika broj 1 proizvoda 221"
440,images/slika_proizvod_221_img2_id440.jpg,Slika 2 za proizvod 221 (ID slike: 440),"Automatski generirani opis za sliku 440, slika broj 2 proizvoda 221"
441,images/slika_proizvod_221_img3_id441.jpg,Slika 3 za proizvod 221 (ID slike: 441),"Automatski generirani opis za sliku 441, slika broj 3 proizvoda 221"
442,images/slika_proizvod_222_img1_id442.jpg,Slika 1 za proizvod 222 (ID slike: 442),"Automatski generirani opis za sliku 442, slika broj 1 proizvoda 222"
443,images/slika_proizvod_222_img2_id443.jpg,Slika 2 za proizvod 222 (ID slike: 443),"Automatski generirani opis za sliku 443, slika broj 2 proizvoda 222"
444,images/slika_proizvod_222_img3_id444.jpg,Slika 3 za proizvod 222 (ID slike: 444),"Automatski generirani opis za sliku 444, slika broj 3 proizvoda 222"
445,images/slika_proizvod_223_img1_id445.jpg,Slika 1 za proizvod 223 (ID slike: 445),"Automatski generirani opis za sliku 445, slika broj 1 proizvoda 223"
446,images/slika_proizvod_223_img2_id446.jpg,Slika 2 za proizvod 223 (ID slike: 446),"Automatski generirani opis za sliku 446, slika broj 2 proizvoda 223"
447,images/slika_proizvod_224_img1_id447.jpg,Slika 1 za proizvod 224 (ID slike: 447),"Automatski generirani opis za sliku 447, slika broj 1 proizvoda 224"
448,images/slika_proizvod_224_img2_id448.jpg,Slika 2 za proizvod 224 (ID slike: 448),"Automatski generirani opis za sliku 448, slika broj 2 proizvoda 224"
449,images/slika_proizvod_224_img3_id449.jpg,Slika 3 za proizvod 224 (ID slike: 449),"Automatski generirani opis za sliku 449, slika broj 3 proizvoda 224"
450,images/slika_proizvod_225_img1_id450.jpg,Slika 1 za proizvod 225 (ID slike: 450),"Automatski generirani opis za sliku 450, slika broj 1 proizvoda 225"
451,images/slika_proizvod_225_img2_id451.jpg,Slika 2 za proizvod 225 (ID slike: 451),"Automatski generirani opis za sliku 451, slika broj 2 proizvoda 225"
452,images/slika_proizvod_225_img3_id452.jpg,Slika 3 za proizvod 225 (ID slike: 452),"Automatski generirani opis za sliku 452, slika broj 3 proizvoda 225"
453,images/slika_proizvod_226_img1_id453.jpg,Slika 1 za proizvod 226 (ID slike: 453),"Automatski generirani opis za sliku 453, slika broj 1 proizvoda 226"
454,images/slika_proizvod_226_img2_id454.jpg,Slika 2 za proizvod 226 (ID slike: 454),"Automatski generirani opis za sliku 454, slika broj 2 proizvoda 226"
455,images/slika_proizvod_227_img1_id455.jpg,Slika 1 za proizvod 227 (ID slike: 455),"Automatski generirani opis za sliku 455, slika broj 1 proizvoda 227"
456,images/slika_proizvod_227_img2_id456.jpg,Slika 2 za proizvod 227 (ID slike: 456),"Automatski generirani opis za sliku 456, slika broj 2 proizvoda 227"
457,images/slika_proizvod_227_img3_id457.jpg,Slika 3 za proizvod 227 (ID slike: 457),"Automatski generirani opis za sliku 457, slika broj 3 proizvoda 227"
458,images/slika_proizvod_228_img1_id458.jpg,Slika 1 za proizvod 228 (ID slike: 458),"Automatski generirani opis za sliku 458, slika broj 1 proizvoda 228"
459,images/slika_proizvod_228_img2_id459.jpg,Slika 2 za proizvod 228 (ID slike: 459),"Automatski generirani opis za sliku 459, slika broj 2 proizvoda 228"
460,images/slika_proizvod_228_img3_id460.jpg,Slika 3 za proizvod 228 (ID slike: 460),"Automatski generirani opis za sliku 460, slika broj 3 proizvoda 228"
461,images/slika_proizvod_229_img1_id461.jpg,Slika 1 za proizvod 229 (ID slike: 461),"Automatski generirani opis za sliku 461, slika broj 1 proizvoda 229"
462,images/slika_proizvod_229_img2_id462.jpg,Slika 2 za proizvod 229 (ID slike: 462),"Automatski generirani opis za sliku 462, slika broj 2 proizvoda 229"
463,images/slika_proizvod_229_img3_id463.jpg,Slika 3 za proizvod 229 (ID slike: 463),"Automatski generirani opis za sliku 463, slika broj 3 proizvoda 229"
464,images/slika_proizvod_230_img1_id464.jpg,Slika 1 za proizvod 230 (ID slike: 464),"Automatski generirani opis za sliku 464, slika broj 1 proizvoda 230"
465,images/slika_proizvod_231_img1_id465.jpg,Slika 1 za proizvod 231 (ID slike: 465),"Automatski generirani opis za sliku 465, slika broj 1 proizvoda 231"
466,images/slika_proizvod_231_img2_id466.jpg,Slika 2 za proizvod 231 (ID slike: 466),"Automatski generirani opis za sliku 466, slika broj 2 proizvoda 231"
467,images/slika_proizvod_231_img3_id467.jpg,Slika 3 za proizvod 231 (ID slike: 467),"Automatski generirani opis za sliku 467, slika broj 3 proizvoda 231"
468,images/slika_proizvod_232_img1_id468.jpg,Slika 1 za proizvod 232 (ID slike: 468),"Automatski generirani opis za sliku 468, slika broj 1 proizvoda 232"
469,images/slika_proizvod_232_img2_id469.jpg,Slika 2 za proizvod 232 (ID slike: 469),"Automatski generirani opis za sliku 469, slika broj 2 proizvoda 232"
470,images/slika_proizvod_233_img1_id470.jpg,Slika 1 za proizvod 233 (ID slike: 470),"Automatski generirani opis za sliku 470, slika broj 1 proizvoda 233"
471,images/slika_proizvod_234_img1_id471.jpg,Slika 1 za proizvod 234 (ID slike: 471),"Automatski generirani opis za sliku 471, slika broj 1 proizvoda 234"
472,images/slika_proizvod_234_img2_id472.jpg,Slika 2 za proizvod 234 (ID slike: 472),"Automatski generirani opis za sliku 472, slika broj 2 proizvoda 234"
473,images/slika_proizvod_235_img1_id473.jpg,Slika 1 za proizvod 235 (ID slike: 473),"Automatski generirani opis za sliku 473, slika broj 1 proizvoda 235"
474,images/slika_proizvod_236_img1_id474.jpg,Slika 1 za proizvod 236 (ID slike: 474),"Automatski generirani opis za sliku 474, slika broj 1 proizvoda 236"
475,images/slika_proizvod_236_img2_id475.jpg,Slika 2 za proizvod 236 (ID slike: 475),"Automatski generirani opis za sliku 475, slika broj 2 proizvoda 236"
476,images/slika_proizvod_236_img3_id476.jpg,Slika 3 za proizvod 236 (ID slike: 476),"Automatski generirani opis za sliku 476, slika broj 3 proizvoda 236"
477,images/slika_proizvod_237_img1_id477.jpg,Slika 1 za proizvod 237 (ID slike: 477),"Automatski generirani opis za sliku 477, slika broj 1 proizvoda 237"
478,images/slika_proizvod_237_img2_id478.jpg,Slika 2 za proizvod 237 (ID slike: 478),"Automatski generirani opis za sliku 478, slika broj 2 proizvoda 237"
479,images/slika_proizvod_238_img1_id479.jpg,Slika 1 za proizvod 238 (ID slike: 479),"Automatski generirani opis za sliku 479, slika broj 1 proizvoda 238"
480,images/slika_proizvod_238_img2_id480.jpg,Slika 2 za proizvod 238 (ID slike: 480),"Automatski generirani opis za sliku 480, slika broj 2 proizvoda 238"
481,images/slika_proizvod_239_img1_id481.jpg,Slika 1 za proizvod 239 (ID slike: 481),"Automatski generirani opis za sliku 481, slika broj 1 proizvoda 239"
482,images/slika_proizvod_239_img2_id482.jpg,Slika 2 za proizvod 239 (ID slike: 482),"Automatski generirani opis za sliku 482, slika broj 2 proizvoda 239"
483,images/slika_proizvod_240_img1_id483.jpg,Slika 1 za proizvod 240 (ID slike: 483),"Automatski generirani opis za sliku 483, slika broj 1 proizvoda 240"
484,images/slika_proizvod_240_img2_id484.jpg,Slika 2 za proizvod 240 (ID slike: 484),"Automatski generirani opis za sliku 484, slika broj 2 proizvoda 240"
485,images/slika_proizvod_241_img1_id485.jpg,Slika 1 za proizvod 241 (ID slike: 485),"Automatski generirani opis za sliku 485, slika broj 1 proizvoda 241"
486,images/slika_proizvod_242_img1_id486.jpg,Slika 1 za proizvod 242 (ID slike: 486),"Automatski generirani opis za sliku 486, slika broj 1 proizvoda 242"
487,images/slika_proizvod_242_img2_id487.jpg,Slika 2 za proizvod 242 (ID slike: 487),"Automatski generirani opis za sliku 487, slika broj 2 proizvoda 242"
488,images/slika_proizvod_242_img3_id488.jpg,Slika 3 za proizvod 242 (ID slike: 488),"Automatski generirani opis za sliku 488, slika broj 3 proizvoda 242"
489,images/slika_proizvod_243_img1_id489.jpg,Slika 1 za proizvod 243 (ID slike: 489),"Automatski generirani opis za sliku 489, slika broj 1 proizvoda 243"
490,images/slika_proizvod_244_img1_id490.jpg,Slika 1 za proizvod 244 (ID slike: 490),"Automatski generirani opis za sliku 490, slika broj 1 proizvoda 244"
491,images/slika_proizvod_244_img2_id491.jpg,Slika 2 za proizvod 244 (ID slike: 491),"Automatski generirani opis za sliku 491, slika broj 2 proizvoda 244"
492,images/slika_proizvod_244_img3_id492.jpg,Slika 3 za proizvod 244 (ID slike: 492),"Automatski generirani opis za sliku 492, slika broj 3 proizvoda 244"
493,images/slika_proizvod_245_img1_id493.jpg,Slika 1 za proizvod 245 (ID slike: 493),"Automatski generirani opis za sliku 493, slika broj 1 proizvoda 245"
494,images/slika_proizvod_246_img1_id494.jpg,Slika 1 za proizvod 246 (ID slike: 494),"Automatski generirani opis za sliku 494, slika broj 1 proizvoda 246"
495,images/slika_proizvod_247_img1_id495.jpg,Slika 1 za proizvod 247 (ID slike: 495),"Automatski generirani opis za sliku 495, slika broj 1 proizvoda 247"
496,images/slika_proizvod_248_img1_id496.jpg,Slika 1 za proizvod 248 (ID slike: 496),"Automatski generirani opis za sliku 496, slika broj 1 proizvoda 248"
497,images/slika_proizvod_248_img2_id497.jpg,Slika 2 za proizvod 248 (ID slike: 497),"Automatski generirani opis za sliku 497, slika broj 2 proizvoda 248"
498,images/slika_proizvod_248_img3_id498.jpg,Slika 3 za proizvod 248 (ID slike: 498),"Automatski generirani opis za sliku 498, slika broj 3 proizvoda 248"
499,images/slika_proizvod_249_img1_id499.jpg,Slika 1 za proizvod 249 (ID slike: 499),"Automatski generirani opis za sliku 499, slika broj 1 proizvoda 249"
500,images/slika_proizvod_250_img1_id500.jpg,Slika 1 za proizvod 250 (ID slike: 500),"Automatski generirani opis za sliku 500, slika broj 1 proizvoda 250"
501,images/slika_proizvod_250_img2_id501.jpg,Slika 2 za proizvod 250 (ID slike: 501),"Automatski generirani opis za sliku 501, slika broj 2 proizvoda 250"
502,images/slika_proizvod_250_img3_id502.jpg,Slika 3 za proizvod 250 (ID slike: 502),"Automatski generirani opis za sliku 502, slika broj 3 proizvoda 250"
